Algorithm: Betweenness Centrality
Vertex Centrality
0 58659.08
1 78813.75
2 0.00
3 4890.89
4 56523.66
5 97539.52
6 4074.59
7 0.00
8 16664.73
9 91394.77
10 0.00
11 0.00
12 1702.80
13 3958.62
14 7960.00
15 83908.15
16 64804.66
17 17329.90
18 15039.80
19 0.00
20 8838.55
21 12948.71
22 71953.56
23 58374.38
24 10725.16
25 7391.44
26 41288.12
27 65233.23
28 13788.92
29 0.00
30 10365.96
31 59472.22
32 84987.09
33 0.00
34 124791.90
35 85031.66
36 69986.14
37 10692.73
38 30881.77
39 0.00
40 50317.64
41 0.00
42 43124.27
43 32455.57
44 0.00
45 45866.43
46 3980.00
47 1380.45
48 99457.26
49 49814.49
50 142635.73
51 0.00
52 14437.58
53 0.00
54 14312.77
55 161425.90
56 13222.24
57 15487.27
58 5194.33
59 49512.69
60 68918.60
61 0.00
62 120349.43
63 48964.57
64 7012.56
65 75837.61
66 71330.49
67 65107.14
68 0.00
69 35928.92
70 5846.26
71 13988.44
72 99886.72
73 22144.81
74 25064.32
75 41918.68
76 135120.95
77 160265.49
78 97593.80
79 46438.17
80 0.00
81 45396.31
82 194982.68
83 119315.59
84 125873.17
85 75683.18
86 48083.49
87 35222.90
88 0.00
89 1261.74
90 0.00
91 0.00
92 122411.24
93 59382.06
94 53576.45
95 0.00
96 63538.77
97 21605.19
98 31634.43
99 19893.24
100 105854.80
101 56521.78
102 32625.71
103 1295.68
104 7205.43
105 0.00
106 14494.82
107 57136.36
108 193073.05
109 50670.38
110 87121.59
111 26132.41
112 17849.20
113 37940.37
114 91877.86
115 94526.92
116 0.00
117 56975.52
118 10338.46
119 73384.59
120 17091.98
121 0.00
122 2699.70
123 1586.62
124 16453.17
125 0.00
126 43591.20
127 0.00
128 64052.78
129 4688.60
130 22547.11
131 132614.55
132 31467.33
133 108729.64
134 0.00
135 81277.36
136 14758.41
137 0.00
138 211684.26
139 0.00
140 86550.10
141 84211.14
142 37419.49
143 16815.02
144 122663.07
145 0.00
146 40017.70
147 1045.68
148 97464.73
149 169997.95
150 77340.03
151 144400.92
152 68185.58
153 146776.14
154 3142.44
155 72.31
156 53920.89
157 21261.10
158 0.00
159 974.72
160 0.00
161 29935.74
162 0.00
163 25387.97
164 51054.33
165 63507.09
166 65749.54
167 67475.53
168 0.00
169 35824.57
170 77135.71
171 68147.65
172 0.00
173 35251.60
174 31299.30
175 81514.56
176 45276.28
177 26071.80
178 22770.02
179 53704.87
180 0.00
181 65810.27
182 114789.48
183 22982.53
184 0.00
185 47478.03
186 66777.32
187 79459.28
188 16846.86
189 0.00
190 144809.25
191 30434.25
192 180731.97
193 92136.98
194 36635.92
195 0.00
196 53592.31
197 32800.63
198 40478.09
199 101289.40
200 60392.73
201 103130.10
202 17491.46
203 27299.62
204 11407.92
205 54773.63
206 0.00
207 6297.18
208 0.00
209 13285.14
210 19416.85
211 61124.25
212 17660.82
213 0.00
214 51782.97
215 67236.03
216 32965.90
217 15692.46
218 414079.79
219 139888.76
220 67016.42
221 258.01
222 93341.46
223 44928.17
224 93284.15
225 83594.53
226 58306.70
227 7162.26
228 24762.20
229 32951.16
230 19967.20
231 79482.35
232 176321.39
233 112397.85
234 58926.81
235 45013.48
236 149070.49
237 11943.33
238 28003.92
239 67960.53
240 4351.36
241 85479.56
242 186342.23
243 100859.52
244 11129.51
245 16321.38
246 16616.51
247 30433.22
248 16991.46
249 55853.40
250 160059.77
251 2151.42
252 0.00
253 31650.22
254 12941.62
255 0.00
256 5762.99
257 40937.10
258 48417.64
259 65625.33
260 133972.68
261 12220.00
262 38646.45
263 26920.39
264 144801.01
265 0.00
266 78661.36
267 23448.38
268 34798.56
269 58841.79
270 77755.24
271 130747.88
272 12870.51
273 38954.68
274 108353.10
275 125639.23
276 89799.54
277 31339.95
278 29201.54
279 0.00
280 0.00
281 40107.41
282 0.00
283 28685.41
284 30495.37
285 1173.46
286 26187.17
287 3980.00
288 0.00
289 59612.73
290 66024.83
291 36649.27
292 39514.29
293 0.00
294 0.00
295 65335.34
296 0.00
297 3934.63
298 62722.18
299 13588.98
300 162699.02
301 81901.08
302 55778.75
303 1518.12
304 0.00
305 107415.49
306 44222.58
307 49448.51
308 0.00
309 76391.95
310 9178.79
311 2176.33
312 136956.35
313 0.00
314 90448.87
315 0.00
316 99503.75
317 42755.04
318 0.00
319 104089.40
320 102586.87
321 0.00
322 54680.19
323 226463.67
324 97729.24
325 232280.13
326 12038.61
327 14037.43
328 9234.31
329 0.00
330 9903.42
331 77650.29
332 63401.20
333 83307.51
334 26756.61
335 5801.73
336 28034.38
337 49165.29
338 73482.11
339 62957.88
340 19630.85
341 52556.65
342 0.00
343 82301.48
344 188986.47
345 52867.90
346 23430.43
347 565.14
348 61750.04
349 14291.63
350 58334.21
351 17537.55
352 26894.82
353 37385.24
354 18013.80
355 52675.42
356 30857.86
357 59716.78
358 179003.48
359 25984.12
360 18781.04
361 18017.77
362 0.00
363 942.11
364 30890.88
365 34528.18
366 52307.56
367 0.00
368 5380.40
369 53285.73
370 37742.50
371 80427.39
372 3378.76
373 28730.44
374 8250.66
375 0.00
376 31430.75
377 39482.56
378 0.00
379 164422.50
380 90573.38
381 0.00
382 16788.71
383 11245.09
384 117460.76
385 98989.63
386 46467.76
387 53412.71
388 6282.45
389 45191.22
390 24866.34
391 4029.80
392 60255.21
393 58677.70
394 19666.23
395 102431.65
396 15440.88
397 289362.05
398 7960.00
399 1926.88
400 23129.34
401 36783.93
402 61312.17
403 50474.98
404 893.40
405 17380.92
406 64324.71
407 72252.41
408 15953.81
409 20516.25
410 3980.00
411 21982.56
412 17939.79
413 4890.59
414 0.00
415 167879.70
416 132016.27
417 6217.22
418 116001.62
419 20563.41
420 25840.17
421 35799.02
422 37845.71
423 34260.14
424 2032.52
425 89594.46
426 14323.11
427 33777.37
428 92348.04
429 43027.16
430 63145.77
431 2321.19
432 37141.00
433 103943.99
434 101024.91
435 20856.32
436 116135.32
437 18137.22
438 53282.65
439 60477.35
440 116737.30
441 52963.71
442 0.00
443 45146.76
444 156610.46
445 116018.18
446 13968.93
447 37291.72
448 48542.97
449 3084.85
450 45683.16
451 36157.88
452 61274.12
453 37871.82
454 8925.09
455 0.00
456 0.00
457 94418.73
458 16570.28
459 5698.84
460 118022.14
461 34121.56
462 102536.68
463 0.00
464 68363.95
465 50518.42
466 47922.83
467 19746.95
468 6106.35
469 53500.41
470 7333.66
471 0.00
472 0.00
473 49598.03
474 107188.30
475 3981.00
476 0.00
477 0.00
478 6790.22
479 27266.97
480 18616.01
481 0.00
482 75402.79
483 37015.55
484 4985.69
485 48249.45
486 13990.64
487 87305.63
488 3980.50
489 0.00
490 0.00
491 48562.15
492 0.00
493 74763.42
494 77503.64
495 96387.51
496 41802.14
497 57748.71
498 14690.02
499 31412.18
500 77865.27
501 16157.57
502 6273.44
503 86156.42
504 9318.87
505 1607.90
506 0.00
507 1996.00
508 34730.28
509 25082.99
510 5042.14
511 17888.97
512 107193.90
513 84726.11
514 86565.03
515 8531.95
516 88891.35
517 30238.37
518 68434.68
519 0.00
520 38464.77
521 2034.71
522 101270.95
523 23668.30
524 101212.05
525 26364.99
526 0.00
527 12383.76
528 27999.46
529 24956.86
530 0.00
531 101336.70
532 34927.13
533 75879.59
534 0.00
535 27624.54
536 8806.69
537 127363.16
538 103438.16
539 28259.26
540 0.00
541 51882.48
542 30180.13
543 2066.27
544 15565.38
545 44734.57
546 131539.05
547 0.00
548 0.00
549 0.00
550 1631.75
551 19465.91
552 0.00
553 2426.58
554 60465.36
555 0.00
556 0.00
557 51690.65
558 0.00
559 89575.32
560 94914.38
561 24721.16
562 101571.97
563 0.00
564 21654.15
565 32565.84
566 14092.75
567 52820.05
568 14295.74
569 53855.50
570 40692.29
571 61088.42
572 61647.73
573 94730.04
574 24020.82
575 21909.14
576 4562.38
577 27095.79
578 44516.95
579 0.00
580 115647.28
581 1213.28
582 0.00
583 28700.90
584 59846.28
585 68139.60
586 135270.97
587 0.00
588 1983.03
589 29822.04
590 0.00
591 11805.17
592 0.00
593 43040.05
594 7346.47
595 15639.01
596 139313.03
597 21216.33
598 224705.07
599 79515.02
600 20353.91
601 68494.82
602 2027.14
603 123154.28
604 75442.03
605 143104.77
606 4710.48
607 62713.62
608 33332.78
609 35515.67
610 60129.56
611 15861.43
612 43146.34
613 18162.68
614 0.00
615 86177.80
616 105885.83
617 31832.92
618 73958.00
619 19947.08
620 140039.28
621 99129.62
622 5864.48
623 68910.42
624 1830.76
625 38490.56
626 154310.89
627 0.00
628 57335.73
629 93344.23
630 1190.78
631 36814.01
632 129474.43
633 13334.67
634 22901.87
635 48372.95
636 46495.49
637 73272.41
638 63002.01
639 17801.96
640 0.00
641 79983.17
642 0.00
643 43326.13
644 1181.61
645 36121.93
646 66697.57
647 12026.06
648 15789.76
649 0.00
650 0.00
651 58423.68
652 1813.28
653 56570.58
654 56312.45
655 72190.59
656 74263.00
657 28812.33
658 14931.55
659 101098.02
660 149761.24
661 109587.05
662 15112.75
663 0.00
664 4121.57
665 98901.54
666 7843.38
667 23190.22
668 90153.10
669 144917.95
670 30505.75
671 0.00
672 10176.57
673 5690.30
674 32919.95
675 18354.52
676 56561.65
677 19675.45
678 50771.91
679 56341.22
680 106411.80
681 5387.06
682 0.00
683 2420.81
684 0.00
685 48060.12
686 9397.68
687 1754.72
688 2236.62
689 10807.95
690 45929.11
691 206121.97
692 49291.84
693 0.00
694 16115.06
695 37144.02
696 104092.59
697 0.00
698 22071.28
699 353.76
700 67270.68
701 46623.64
702 50070.03
703 68548.31
704 0.00
705 0.00
706 27138.39
707 60231.06
708 145306.17
709 25883.48
710 108329.85
711 0.00
712 2501.98
713 61768.58
714 156900.72
715 29784.50
716 202170.91
717 43198.40
718 27464.86
719 4997.69
720 14968.35
721 37768.10
722 100180.15
723 18162.94
724 0.00
725 14591.48
726 23799.03
727 31191.08
728 0.00
729 50299.12
730 15521.02
731 32193.27
732 43796.53
733 24469.92
734 0.00
735 163193.61
736 98045.62
737 45067.88
738 101172.66
739 0.00
740 25986.42
741 65195.98
742 59866.88
743 155661.45
744 26173.22
745 0.00
746 30744.65
747 42337.80
748 24473.56
749 66607.06
750 89846.29
751 18911.51
752 43368.37
753 134912.35
754 100145.38
755 0.00
756 41440.09
757 14016.69
758 15036.66
759 5373.97
760 5794.41
761 6092.84
762 51699.89
763 0.00
764 63192.77
765 71415.88
766 37866.81
767 25672.62
768 64889.18
769 64743.25
770 35385.68
771 9057.91
772 5313.73
773 97488.99
774 28112.61
775 33595.01
776 85658.93
777 51980.00
778 2713.00
779 19003.27
780 23487.64
781 0.00
782 25380.98
783 27687.79
784 16356.43
785 0.00
786 28321.55
787 15269.55
788 0.00
789 5905.70
790 40616.40
791 43495.74
792 26269.70
793 0.00
794 175589.29
795 86179.95
796 35465.12
797 33390.25
798 1546.32
799 159376.17
800 30263.97
801 3188.58
802 4637.98
803 119668.80
804 44050.01
805 0.00
806 9766.81
807 130701.73
808 17173.46
809 27097.46
810 36083.29
811 29722.54
812 49576.99
813 67751.27
814 13617.13
815 64404.11
816 0.00
817 140204.39
818 46142.20
819 81229.93
820 64596.00
821 45472.59
822 26629.22
823 13339.78
824 0.00
825 0.00
826 8689.97
827 0.00
828 34615.35
829 21135.11
830 36665.93
831 2662.27
832 56595.28
833 1489.37
834 30220.23
835 124240.40
836 0.00
837 0.00
838 0.00
839 20981.77
840 69082.11
841 47921.16
842 0.00
843 115927.10
844 0.00
845 845.75
846 75566.48
847 40872.02
848 57885.86
849 69053.33
850 0.00
851 118674.63
852 61390.16
853 25468.37
854 21974.84
855 39253.64
856 0.00
857 52450.00
858 71983.14
859 55930.90
860 40223.97
861 8813.73
862 11088.47
863 54623.38
864 71753.72
865 26837.49
866 19539.25
867 21022.19
868 15887.88
869 25017.23
870 42384.57
871 106434.08
872 37344.02
873 18808.70
874 0.00
875 47842.72
876 14279.99
877 31435.57
878 6164.03
879 96984.00
880 5137.60
881 89748.48
882 68663.78
883 127697.65
884 55865.20
885 2955.89
886 1808.18
887 28663.62
888 46889.22
889 12346.22
890 48412.39
891 0.00
892 0.00
893 27952.15
894 139647.93
895 23503.54
896 48059.38
897 61284.29
898 85442.67
899 14793.37
900 1027.71
901 4090.94
902 14162.72
903 53414.20
904 18400.08
905 33141.80
906 5606.25
907 0.00
908 87955.62
909 97076.45
910 87774.49
911 92911.18
912 205699.32
913 0.00
914 7733.00
915 6366.94
916 66518.24
917 0.00
918 24943.51
919 3342.21
920 174113.85
921 1043.78
922 11993.41
923 4111.23
924 19504.01
925 67880.45
926 1195.02
927 65868.42
928 59063.90
929 58968.94
930 64802.28
931 0.00
932 52157.71
933 24904.09
934 2041.12
935 34969.88
936 314203.90
937 61021.10
938 37831.75
939 84863.50
940 10039.79
941 103239.79
942 41749.32
943 38816.08
944 20022.30
945 28637.03
946 125031.34
947 20026.32
948 14514.45
949 19363.49
950 0.00
951 8703.52
952 37699.15
953 0.00
954 139617.92
955 76617.12
956 42624.70
957 60746.97
958 37800.70
959 75703.57
960 0.00
961 104499.13
962 37829.19
963 11379.56
964 111046.17
965 20686.23
966 14932.12
967 17460.41
968 23850.14
969 125709.23
970 81440.41
971 56565.64
972 54754.89
973 76315.20
974 122874.28
975 19570.56
976 10390.04
977 145006.03
978 62356.07
979 12364.55
980 0.00
981 13182.88
982 51664.07
983 208096.01
984 29388.88
985 15018.92
986 95553.74
987 28717.00
988 80256.81
989 40258.79
990 49784.73
991 5500.44
992 0.00
993 12191.18
994 14514.47
995 0.00
996 40348.55
997 34199.16
998 0.00
999 173931.15
1000 68985.59
1001 6059.99
1002 72455.15
1003 18209.15
1004 67147.05
1005 43156.17
1006 0.00
1007 53951.57
1008 0.00
1009 1741.99
1010 29373.65
1011 0.00
1012 92411.11
1013 5867.74
1014 72136.40
1015 4827.98
1016 118880.36
1017 149462.57
1018 113280.83
1019 0.00
1020 15474.61
1021 35462.98
1022 22501.95
1023 45653.74
1024 33149.26
1025 57694.01
1026 134245.83
1027 178967.88
1028 0.00
1029 41215.89
1030 0.00
1031 38106.93
1032 68186.24
1033 0.00
1034 56203.08
1035 24034.26
1036 115332.77
1037 87010.08
1038 72611.12
1039 49098.13
1040 52592.13
1041 0.00
1042 18186.52
1043 1761.56
1044 78018.88
1045 55718.88
1046 1447.77
1047 83318.85
1048 3980.00
1049 78395.12
1050 18402.13
1051 9522.53
1052 2617.89
1053 9811.72
1054 36647.79
1055 0.00
1056 0.00
1057 35251.56
1058 137244.78
1059 4477.94
1060 10394.22
1061 18005.48
1062 13636.36
1063 40793.59
1064 10672.34
1065 0.00
1066 67681.44
1067 528.43
1068 0.00
1069 26025.63
1070 79671.89
1071 35173.83
1072 0.00
1073 39625.20
1074 153566.56
1075 0.00
1076 87198.69
1077 12526.50
1078 67985.66
1079 33952.53
1080 42439.15
1081 12839.37
1082 0.00
1083 105323.88
1084 37887.53
1085 23011.19
1086 0.00
1087 1617.49
1088 14745.11
1089 83785.49
1090 0.00
1091 18639.70
1092 0.00
1093 0.00
1094 5512.80
1095 19518.46
1096 83005.43
1097 0.00
1098 0.00
1099 3528.78
1100 31211.84
1101 59721.34
1102 173625.55
1103 8520.80
1104 127376.03
1105 19724.71
1106 7102.83
1107 89819.30
1108 56082.55
1109 28599.15
1110 0.00
1111 115055.55
1112 42320.51
1113 0.00
1114 122752.21
1115 46855.94
1116 73000.35
1117 65539.76
1118 73769.52
1119 28266.83
1120 4236.81
1121 73495.43
1122 47961.99
1123 0.00
1124 31486.82
1125 60343.16
1126 1138.41
1127 23685.25
1128 80557.29
1129 0.00
1130 74306.11
1131 30325.94
1132 19210.94
1133 86763.37
1134 10544.16
1135 102630.04
1136 11431.72
1137 29555.20
1138 119550.79
1139 35452.31
1140 95445.76
1141 66648.05
1142 18774.50
1143 18258.83
1144 0.00
1145 39987.97
1146 31419.61
1147 27405.20
1148 0.00
1149 0.00
1150 26070.86
1151 81216.14
1152 3479.39
1153 54923.41
1154 92066.45
1155 36056.46
1156 18814.81
1157 154635.99
1158 82115.13
1159 11218.61
1160 72861.30
1161 43928.81
1162 0.00
1163 23435.28
1164 99911.94
1165 39434.84
1166 0.00
1167 3896.05
1168 124926.12
1169 38471.55
1170 23477.20
1171 187906.51
1172 3981.50
1173 33701.54
1174 20029.26
1175 3082.66
1176 34747.07
1177 25544.97
1178 941.45
1179 10626.58
1180 17560.43
1181 145308.42
1182 264329.83
1183 76293.28
1184 1976.18
1185 38573.19
1186 90958.65
1187 6259.77
1188 156935.86
1189 9583.21
1190 2384.65
1191 57955.90
1192 5818.65
1193 148318.28
1194 26391.01
1195 0.00
1196 0.00
1197 0.00
1198 3557.39
1199 68941.69
1200 61386.28
1201 23403.66
1202 22789.39
1203 93178.11
1204 32741.06
1205 85805.73
1206 24655.53
1207 113466.11
1208 17129.77
1209 94481.88
1210 74172.93
1211 15246.19
1212 48426.18
1213 0.00
1214 115010.68
1215 35471.12
1216 117583.09
1217 0.00
1218 3434.22
1219 61385.20
1220 41604.09
1221 123947.82
1222 7365.04
1223 57304.47
1224 55179.10
1225 94826.87
1226 79133.70
1227 44470.98
1228 45742.89
1229 0.00
1230 192580.58
1231 91382.40
1232 125714.40
1233 32817.53
1234 68228.35
1235 63330.62
1236 52612.94
1237 2152.67
1238 0.00
1239 127987.41
1240 170701.25
1241 136339.07
1242 2312.00
1243 3093.88
1244 15385.76
1245 6148.36
1246 22656.75
1247 0.00
1248 93898.30
1249 140920.78
1250 42468.01
1251 131547.36
1252 156933.56
1253 60515.22
1254 13868.43
1255 78673.02
1256 34470.28
1257 35146.72
1258 68307.21
1259 13451.53
1260 1572.84
1261 16042.17
1262 0.00
1263 51862.37
1264 0.00
1265 110389.10
1266 20787.18
1267 72203.39
1268 1448.01
1269 0.00
1270 21232.76
1271 31945.90
1272 109754.75
1273 60883.95
1274 0.00
1275 382.47
1276 26518.18
1277 245896.42
1278 77948.85
1279 73201.40
1280 0.00
1281 0.00
1282 87651.92
1283 90848.19
1284 22370.43
1285 0.00
1286 35892.75
1287 29673.63
1288 0.00
1289 5985.17
1290 23352.00
1291 64209.62
1292 0.00
1293 48019.10
1294 7110.96
1295 41327.42
1296 20977.96
1297 12376.94
1298 21683.30
1299 70975.19
1300 44427.38
1301 0.00
1302 0.00
1303 62362.17
1304 0.00
1305 97497.95
1306 63982.62
1307 4122.20
1308 9461.15
1309 971.84
1310 41918.21
1311 35830.78
1312 8054.79
1313 1661.40
1314 40287.31
1315 37691.64
1316 11224.79
1317 36618.15
1318 27992.83
1319 12300.45
1320 76473.89
1321 21967.00
1322 38294.80
1323 41922.86
1324 12733.24
1325 26426.89
1326 111095.82
1327 18931.14
1328 0.00
1329 18786.66
1330 23661.17
1331 38132.55
1332 48829.70
1333 7926.33
1334 169596.43
1335 0.00
1336 0.00
1337 83697.02
1338 48626.20
1339 14101.84
1340 82217.00
1341 73874.90
1342 64767.14
1343 188987.52
1344 3170.35
1345 8190.46
1346 49172.44
1347 51299.13
1348 5513.51
1349 134413.78
1350 124736.37
1351 107856.35
1352 192966.75
1353 2358.32
1354 17933.86
1355 34250.47
1356 10647.28
1357 22596.71
1358 37662.59
1359 3305.47
1360 1425.37
1361 85481.85
1362 32976.35
1363 33702.05
1364 5209.64
1365 9429.65
1366 4584.36
1367 35268.84
1368 33129.16
1369 41658.61
1370 72735.10
1371 131735.26
1372 89157.80
1373 1585.70
1374 37871.39
1375 9507.98
1376 12683.89
1377 29528.97
1378 33149.00
1379 123568.94
1380 26916.74
1381 5413.85
1382 95700.87
1383 63726.15
1384 46934.86
1385 92143.15
1386 72577.25
1387 6716.01
1388 9989.82
1389 41062.76
1390 34638.92
1391 54378.11
1392 32662.14
1393 23068.96
1394 0.00
1395 124278.36
1396 78317.63
1397 132698.30
1398 76856.44
1399 7563.81
1400 37688.35
1401 41607.92
1402 29004.41
1403 0.00
1404 7427.71
1405 8686.17
1406 8205.19
1407 33169.07
1408 12785.89
1409 0.00
1410 14673.17
1411 29881.42
1412 18541.04
1413 49936.36
1414 58705.08
1415 19165.13
1416 22442.14
1417 2036.11
1418 1901.43
1419 137810.96
1420 120889.24
1421 79249.98
1422 0.00
1423 60016.52
1424 4740.97
1425 126047.54
1426 160518.91
1427 219.55
1428 103476.89
1429 25818.92
1430 31204.47
1431 43036.06
1432 145167.08
1433 10579.48
1434 4141.38
1435 20497.96
1436 33136.24
1437 121.49
1438 6617.59
1439 56266.29
1440 209382.53
1441 30357.16
1442 27827.44
1443 0.00
1444 39400.20
1445 17178.98
1446 14973.15
1447 3205.28
1448 14169.75
1449 32782.27
1450 135440.35
1451 6271.38
1452 5901.33
1453 48987.73
1454 94121.13
1455 43668.92
1456 23830.77
1457 2476.35
1458 15283.04
1459 23444.47
1460 54803.85
1461 9534.28
1462 59836.39
1463 5712.14
1464 11728.92
1465 22502.90
1466 3612.60
1467 13848.26
1468 53151.97
1469 55816.67
1470 68195.42
1471 22968.76
1472 30476.77
1473 73654.39
1474 31297.49
1475 1605.10
1476 95017.41
1477 25439.78
1478 39545.99
1479 56405.65
1480 29458.25
1481 40473.40
1482 0.00
1483 7962.00
1484 75762.79
1485 39232.38
1486 38428.51
1487 62169.16
1488 96072.59
1489 0.00
1490 92331.04
1491 123435.48
1492 3410.94
1493 0.00
1494 3980.50
1495 48967.86
1496 125717.77
1497 45884.39
1498 35161.61
1499 88281.31
1500 0.00
1501 0.00
1502 0.00
1503 6724.34
1504 4839.91
1505 203283.69
1506 12597.24
1507 63310.29
1508 0.00
1509 0.00
1510 0.00
1511 0.00
1512 880.64
1513 102320.96
1514 137083.33
1515 27525.74
1516 55942.40
1517 70013.09
1518 26016.29
1519 61026.86
1520 11002.36
1521 24027.37
1522 91761.67
1523 95409.13
1524 40773.42
1525 27957.94
1526 68503.84
1527 55279.10
1528 549.11
1529 0.00
1530 96747.04
1531 7158.50
1532 6495.58
1533 99696.29
1534 112752.84
1535 60959.73
1536 35527.37
1537 91953.67
1538 49220.76
1539 0.00
1540 27272.38
1541 0.00
1542 62475.65
1543 0.00
1544 57226.46
1545 31679.48
1546 0.00
1547 0.00
1548 87593.54
1549 19462.00
1550 50561.84
1551 55418.08
1552 2050.85
1553 44018.55
1554 21691.85
1555 168957.14
1556 0.00
1557 19871.32
1558 79606.76
1559 118729.95
1560 1702.60
1561 92590.22
1562 88711.53
1563 83862.92
1564 91008.93
1565 191721.20
1566 101862.62
1567 57051.73
1568 54278.90
1569 112385.78
1570 15305.66
1571 37914.30
1572 28944.26
1573 25696.87
1574 73523.41
1575 0.00
1576 17769.58
1577 17677.99
1578 39939.82
1579 13276.19
1580 50467.63
1581 92060.14
1582 15289.84
1583 24004.86
1584 0.00
1585 105027.13
1586 42250.73
1587 0.00
1588 36152.66
1589 24668.32
1590 0.00
1591 148167.30
1592 10278.14
1593 0.00
1594 0.00
1595 71978.58
1596 5221.35
1597 77716.20
1598 69674.47
1599 7217.14
1600 200218.54
1601 10551.81
1602 15057.04
1603 0.00
1604 43353.17
1605 10534.90
1606 84252.02
1607 5526.56
1608 188533.26
1609 1875.44
1610 3925.75
1611 160.53
1612 22297.23
1613 42615.54
1614 5798.86
1615 87122.06
1616 0.00
1617 84756.89
1618 12935.67
1619 0.00
1620 207631.81
1621 0.00
1622 117127.91
1623 74516.29
1624 10605.41
1625 10302.03
1626 0.00
1627 95091.22
1628 3081.79
1629 102944.05
1630 14518.92
1631 0.00
1632 49323.38
1633 2049.47
1634 13332.02
1635 90366.03
1636 156747.45
1637 66475.37
1638 66393.54
1639 1650.85
1640 14179.89
1641 29476.45
1642 34664.85
1643 65779.97
1644 68521.65
1645 82671.51
1646 7684.07
1647 61878.67
1648 169849.72
1649 54735.94
1650 26303.96
1651 10424.01
1652 16667.39
1653 172986.89
1654 5528.87
1655 31488.10
1656 35583.61
1657 37902.83
1658 76781.87
1659 0.00
1660 21603.29
1661 67157.37
1662 45286.09
1663 43521.99
1664 94735.49
1665 319953.04
1666 3486.10
1667 112461.46
1668 41171.34
1669 16779.39
1670 0.00
1671 3774.45
1672 79772.28
1673 33347.49
1674 4619.97
1675 10200.01
1676 56920.18
1677 69231.79
1678 2578.67
1679 42968.09
1680 7782.38
1681 0.00
1682 0.00
1683 2137.34
1684 7895.87
1685 110255.81
1686 50156.80
1687 4770.36
1688 4381.52
1689 0.00
1690 5041.04
1691 62753.87
1692 42928.59
1693 0.00
1694 108140.72
1695 43425.23
1696 83367.34
1697 0.00
1698 0.00
1699 0.00
1700 9107.60
1701 27920.48
1702 5793.05
1703 0.00
1704 17605.09
1705 68949.07
1706 147421.92
1707 7462.93
1708 66661.20
1709 51998.81
1710 25821.15
1711 84722.85
1712 75918.21
1713 128236.06
1714 0.00
1715 0.00
1716 14395.65
1717 0.00
1718 0.00
1719 58303.85
1720 28168.40
1721 28812.58
1722 0.00
1723 134512.53
1724 32553.92
1725 116233.60
1726 83407.38
1727 44628.33
1728 9706.27
1729 30687.19
1730 7616.94
1731 59624.63
1732 32041.84
1733 129709.21
1734 0.00
1735 53197.37
1736 44914.16
1737 29896.80
1738 15641.28
1739 7764.01
1740 196046.70
1741 53357.17
1742 99033.05
1743 38951.40
1744 23843.08
1745 3983.00
1746 0.00
1747 7069.97
1748 3139.58
1749 5083.25
1750 126772.48
1751 0.00
1752 14382.57
1753 1049.23
1754 53428.08
1755 41532.34
1756 106024.84
1757 0.00
1758 60712.59
1759 20859.09
1760 147694.96
1761 65280.90
1762 0.00
1763 13526.59
1764 99493.78
1765 88890.74
1766 89244.08
1767 164120.94
1768 110672.61
1769 45850.12
1770 45753.37
1771 773.96
1772 0.00
1773 215155.13
1774 113592.17
1775 37514.77
1776 11680.18
1777 53534.68
1778 107624.50
1779 15140.30
1780 121827.08
1781 95428.05
1782 0.00
1783 37718.50
1784 1969.63
1785 1917.46
1786 96345.80
1787 635.67
1788 91087.72
1789 106599.12
1790 72462.11
1791 88044.98
1792 52339.59
1793 24858.03
1794 0.00
1795 11882.48
1796 45498.94
1797 166662.49
1798 102534.76
1799 22111.52
1800 0.00
1801 7524.65
1802 35809.75
1803 21230.47
1804 140526.40
1805 45209.25
1806 189685.18
1807 39926.58
1808 0.00
1809 0.00
1810 0.00
1811 0.00
1812 25162.09
1813 109644.15
1814 14592.15
1815 54803.05
1816 27526.64
1817 100565.77
1818 101670.90
1819 90025.95
1820 55806.33
1821 0.00
1822 0.00
1823 160954.64
1824 0.00
1825 22280.34
1826 177154.61
1827 39460.83
1828 38285.96
1829 43963.29
1830 16302.12
1831 15799.80
1832 145593.99
1833 8682.01
1834 23659.51
1835 216349.09
1836 21378.47
1837 60263.24
1838 6332.90
1839 46105.66
1840 0.00
1841 23603.74
1842 43657.80
1843 0.00
1844 77814.47
1845 68534.34
1846 53697.96
1847 37213.64
1848 8490.45
1849 63938.91
1850 153955.22
1851 8930.72
1852 580.43
1853 33895.98
1854 29667.19
1855 27749.31
1856 13418.48
1857 101426.35
1858 145302.51
1859 37238.50
1860 32090.63
1861 38158.57
1862 117047.94
1863 69612.10
1864 40907.31
1865 6320.94
1866 7796.90
1867 33715.20
1868 47179.64
1869 75852.20
1870 106362.68
1871 99004.52
1872 101435.64
1873 25520.27
1874 17629.46
1875 34666.13
1876 89919.11
1877 0.00
1878 5069.14
1879 10152.36
1880 74002.55
1881 0.00
1882 143333.83
1883 71519.95
1884 0.00
1885 18072.20
1886 33547.89
1887 1441.93
1888 0.00
1889 72891.11
1890 49016.86
1891 0.00
1892 13134.43
1893 5886.72
1894 2079.33
1895 61872.82
1896 121975.41
1897 87053.21
1898 20938.13
1899 10859.99
1900 53527.72
1901 80425.87
1902 15473.59
1903 0.00
1904 86211.93
1905 0.00
1906 224580.73
1907 22478.99
1908 124953.35
1909 82288.73
1910 53981.27
1911 9663.94
1912 64008.64
1913 123989.50
1914 4447.40
1915 12746.72
1916 0.00
1917 45772.19
1918 16868.59
1919 82471.08
1920 31154.27
1921 114017.37
1922 50622.39
1923 29160.34
1924 33236.77
1925 0.00
1926 120458.49
1927 23518.83
1928 28710.11
1929 17984.52
1930 78361.64
1931 79520.84
1932 29665.94
1933 51269.52
1934 41972.44
1935 26315.38
1936 12327.43
1937 113774.10
1938 51228.11
1939 27812.51
1940 62420.23
1941 72449.24
1942 58179.30
1943 81183.64
1944 33545.64
1945 75800.65
1946 27828.49
1947 0.00
1948 8914.74
1949 44725.88
1950 87400.63
1951 2321.84
1952 63034.66
1953 75797.47
1954 25481.78
1955 37774.22
1956 11688.24
1957 91523.88
1958 43857.62
1959 68107.40
1960 36986.73
1961 0.00
1962 19848.68
1963 64709.66
1964 38080.37
1965 65470.77
1966 0.00
1967 47436.99
1968 8268.09
1969 23865.05
1970 11286.57
1971 1885.98
1972 21705.96
1973 100877.33
1974 66885.85
1975 54986.80
1976 23331.88
1977 72341.96
1978 43238.08
1979 10875.98
1980 0.00
1981 24885.05
1982 78360.03
1983 10250.69
1984 1697.53
1985 24000.53
1986 61680.92
1987 46571.53
1988 11942.20
1989 21552.14
1990 11779.45
1991 12007.12
1992 13955.67
1993 0.00
1994 70731.54
1995 6489.58
1996 0.00
1997 0.00
1998 0.00
1999 15803.67
2000 65778.51
2001 71452.41
2002 47372.96
2003 168159.98
2004 162489.70
2005 13013.41
2006 193845.60
2007 11335.20
2008 85984.37
2009 32114.56
2010 143302.25
2011 32989.26
2012 22414.07
2013 78028.09
2014 0.00
2015 35259.07
2016 328844.39
2017 111069.33
2018 24370.17
2019 936.86
2020 31824.89
2021 47667.26
2022 17590.66
2023 3980.50
2024 6917.18
2025 47169.73
2026 0.00
2027 1048.19
2028 1858.19
2029 0.00
2030 113395.79
2031 45534.68
2032 77855.64
2033 52108.79
2034 65621.11
2035 50036.67
2036 10609.72
2037 111722.78
2038 141212.69
2039 50091.35
2040 24026.11
2041 0.00
2042 0.00
2043 19897.23
2044 77288.69
2045 25127.64
2046 36987.02
2047 5610.27
2048 0.00
2049 23239.78
2050 17764.76
2051 86491.55
2052 0.00
2053 21693.48
2054 82781.47
2055 0.00
2056 13614.10
2057 132648.03
2058 60206.08
2059 23723.82
2060 122079.78
2061 62915.18
2062 44941.58
2063 133471.26
2064 0.00
2065 3980.00
2066 0.00
2067 0.00
2068 15755.74
2069 51182.38
2070 28837.30
2071 32110.02
2072 41090.22
2073 10974.69
2074 38889.39
2075 29524.81
2076 59072.14
2077 37837.10
2078 9682.97
2079 1810.37
2080 80929.58
2081 35326.57
2082 63316.20
2083 85945.87
2084 4529.75
2085 159436.80
2086 11651.09
2087 63302.83
2088 40700.27
2089 0.00
2090 31121.33
2091 1459.75
2092 22385.05
2093 56950.15
2094 8958.69
2095 27830.47
2096 9512.04
2097 26725.01
2098 18282.67
2099 38829.87
2100 1455.61
2101 47341.55
2102 41591.01
2103 28476.76
2104 7124.90
2105 85895.41
2106 0.00
2107 0.00
2108 59128.75
2109 19866.33
2110 5651.42
2111 4028.59
2112 50826.84
2113 56949.52
2114 30713.28
2115 38373.41
2116 41696.92
2117 52680.46
2118 24249.40
2119 18637.13
2120 18359.96
2121 23393.60
2122 19567.92
2123 38948.58
2124 139995.78
2125 16944.15
2126 1381.32
2127 38507.88
2128 42863.45
2129 85327.73
2130 89865.29
2131 26169.09
2132 17006.17
2133 78428.37
2134 15003.53
2135 71551.48
2136 0.00
2137 175812.79
2138 113760.52
2139 19616.58
2140 33574.26
2141 0.00
2142 49701.41
2143 46293.41
2144 64605.33
2145 62373.33
2146 36451.83
2147 108853.67
2148 143743.15
2149 28534.89
2150 0.00
2151 54472.04
2152 25668.77
2153 83798.49
2154 34565.64
2155 61843.23
2156 55096.64
2157 14870.42
2158 752.04
2159 76247.60
2160 130541.90
2161 79020.21
2162 131767.39
2163 0.00
2164 9908.15
2165 40399.56
2166 67676.85
2167 77702.10
2168 8266.91
2169 22974.89
2170 18212.70
2171 0.00
2172 3980.00
2173 39367.71
2174 92114.27
2175 20828.05
2176 131.72
2177 44296.57
2178 83214.31
2179 35207.68
2180 31655.45
2181 24279.79
2182 22028.68
2183 22711.24
2184 21601.29
2185 69767.99
2186 144109.11
2187 30479.60
2188 62285.00
2189 22374.19
2190 0.00
2191 16360.92
2192 48214.02
2193 23746.38
2194 36071.37
2195 60536.78
2196 31001.55
2197 0.00
2198 5205.08
2199 6299.16
2200 5494.41
2201 56872.56
2202 26713.05
2203 37172.66
2204 0.00
2205 0.00
2206 67636.43
2207 97561.51
2208 32434.80
2209 47429.71
2210 78662.74
2211 17049.08
2212 126073.96
2213 0.00
2214 0.00
2215 0.00
2216 19414.15
2217 3980.50
2218 23190.56
2219 53830.95
2220 0.00
2221 13261.80
2222 34768.59
2223 12543.57
2224 20156.34
2225 21154.22
2226 48764.73
2227 21096.01
2228 17590.09
2229 66760.52
2230 23213.65
2231 97356.04
2232 41883.46
2233 55906.82
2234 39416.51
2235 55403.81
2236 81925.50
2237 83208.35
2238 75541.14
2239 21658.21
2240 25086.12
2241 18573.00
2242 31017.98
2243 51492.81
2244 0.00
2245 34746.64
2246 42744.76
2247 174766.70
2248 78525.29
2249 0.00
2250 11965.71
2251 0.00
2252 0.00
2253 21013.27
2254 0.00
2255 67752.36
2256 722.99
2257 0.00
2258 121387.56
2259 0.00
2260 0.00
2261 25218.06
2262 63529.13
2263 776.43
2264 45425.08
2265 39642.96
2266 35818.31
2267 111311.20
2268 142020.20
2269 5683.09
2270 91032.76
2271 0.00
2272 133062.04
2273 0.00
2274 13867.62
2275 28085.10
2276 131734.00
2277 54463.85
2278 29925.83
2279 3849.97
2280 89944.74
2281 13550.48
2282 69635.37
2283 0.00
2284 0.00
2285 49871.68
2286 2589.06
2287 189309.13
2288 2798.82
2289 91934.94
2290 47482.17
2291 119693.00
2292 1300.48
2293 92368.20
2294 28801.77
2295 0.00
2296 175691.19
2297 35664.51
2298 0.00
2299 65760.51
2300 25493.56
2301 154883.88
2302 80056.32
2303 1010.05
2304 10758.14
2305 30439.84
2306 43272.69
2307 90825.72
2308 103412.41
2309 45599.00
2310 43179.78
2311 0.00
2312 41296.73
2313 31917.48
2314 29479.95
2315 8503.79
2316 12505.07
2317 1764.32
2318 81894.24
2319 35759.71
2320 9185.74
2321 4278.65
2322 29165.42
2323 82927.32
2324 59862.93
2325 0.00
2326 61111.00
2327 724.06
2328 172558.87
2329 16598.12
2330 18391.96
2331 26932.91
2332 0.00
2333 234160.29
2334 27966.63
2335 63420.09
2336 26882.22
2337 8411.44
2338 0.00
2339 61977.06
2340 6959.00
2341 53750.84
2342 54844.83
2343 14859.20
2344 191747.14
2345 0.00
2346 0.00
2347 1362.98
2348 109427.17
2349 57284.09
2350 106919.05
2351 111357.34
2352 59241.38
2353 22601.16
2354 0.00
2355 43655.48
2356 76197.11
2357 25883.08
2358 41352.93
2359 5157.00
2360 70507.95
2361 17977.82
2362 0.00
2363 8301.39
2364 2205.48
2365 76295.03
2366 0.00
2367 11587.10
2368 0.00
2369 35989.99
2370 135483.23
2371 25076.12
2372 37118.01
2373 108026.53
2374 52613.48
2375 36860.95
2376 0.00
2377 0.00
2378 0.00
2379 3980.50
2380 5191.57
2381 139949.26
2382 37088.97
2383 47101.56
2384 51485.04
2385 98286.18
2386 2925.56
2387 116722.94
2388 42791.01
2389 42687.69
2390 200.14
2391 52002.93
2392 2009.26
2393 26552.78
2394 96716.62
2395 140986.89
2396 1352.64
2397 35539.21
2398 42766.77
2399 79786.27
2400 83826.68
2401 206662.88
2402 25964.99
2403 62419.19
2404 0.00
2405 10554.28
2406 0.00
2407 32796.63
2408 95120.86
2409 147796.18
2410 113073.53
2411 121170.61
2412 23586.99
2413 53278.09
2414 20581.49
2415 56828.95
2416 0.00
2417 32623.01
2418 13403.28
2419 84203.91
2420 17728.22
2421 226528.24
2422 0.00
2423 54293.48
2424 31465.52
2425 4939.64
2426 41894.96
2427 63190.22
2428 9227.39
2429 39118.81
2430 13360.61
2431 29511.11
2432 10551.75
2433 0.00
2434 50007.86
2435 68551.77
2436 10976.04
2437 15169.11
2438 46923.83
2439 62055.37
2440 48031.86
2441 62451.89
2442 60563.52
2443 48808.23
2444 530.19
2445 0.00
2446 0.00
2447 25991.64
2448 124620.54
2449 28488.33
2450 31914.83
2451 0.00
2452 8017.10
2453 63751.69
2454 15590.86
2455 29283.17
2456 0.00
2457 37753.50
2458 22876.46
2459 114313.01
2460 123704.65
2461 55111.74
2462 7454.07
2463 3164.59
2464 9969.92
2465 11138.58
2466 57595.44
2467 16748.84
2468 1210.07
2469 42823.41
2470 0.00
2471 60582.55
2472 18423.96
2473 40960.05
2474 45990.46
2475 90345.22
2476 53079.35
2477 26953.16
2478 50009.39
2479 59209.66
2480 0.00
2481 116138.98
2482 166005.32
2483 41342.78
2484 17832.23
2485 0.00
2486 0.00
2487 51385.54
2488 12229.35
2489 143955.12
2490 67613.87
2491 11122.91
2492 152942.37
2493 48198.82
2494 42823.67
2495 0.00
2496 67542.50
2497 144443.93
2498 67250.99
2499 4172.25
2500 25395.84
2501 89932.24
2502 0.00
2503 117642.25
2504 117259.98
2505 8591.48
2506 7642.77
2507 22093.67
2508 21606.23
2509 139561.33
2510 15965.31
2511 49602.39
2512 0.00
2513 30531.78
2514 2666.29
2515 12568.65
2516 4260.24
2517 13850.42
2518 32699.01
2519 72318.47
2520 52565.05
2521 17134.55
2522 26495.96
2523 44199.78
2524 55955.52
2525 6286.47
2526 44644.54
2527 12527.96
2528 123073.32
2529 0.00
2530 123658.75
2531 52033.84
2532 48055.31
2533 0.00
2534 50476.32
2535 54133.54
2536 80721.43
2537 0.00
2538 35264.47
2539 70727.54
2540 154929.12
2541 22965.14
2542 67894.10
2543 1219.36
2544 45842.65
2545 27119.63
2546 150396.59
2547 35462.14
2548 36769.68
2549 10206.18
2550 63044.34
2551 26189.38
2552 86680.03
2553 84621.63
2554 63720.86
2555 0.00
2556 121233.57
2557 52533.73
2558 88293.54
2559 0.00
2560 124522.42
2561 41044.33
2562 0.00
2563 0.00
2564 0.00
2565 48217.88
2566 85606.90
2567 118446.70
2568 0.00
2569 25679.36
2570 83003.70
2571 20607.05
2572 18330.39
2573 0.00
2574 0.00
2575 30634.50
2576 39319.89
2577 0.00
2578 266156.01
2579 1514.89
2580 15919.80
2581 0.00
2582 109718.53
2583 0.00
2584 34002.05
2585 43300.20
2586 11192.57
2587 39344.48
2588 11010.22
2589 13738.58
2590 51496.75
2591 25849.91
2592 30275.18
2593 62941.36
2594 12033.75
2595 60410.14
2596 96691.14
2597 208306.15
2598 33971.16
2599 67269.73
2600 96177.14
2601 8745.69
2602 17240.58
2603 2289.26
2604 89439.99
2605 124791.94
2606 0.00
2607 10082.67
2608 116377.90
2609 15798.85
2610 6501.84
2611 97535.82
2612 17483.96
2613 16072.17
2614 37572.42
2615 0.00
2616 17980.55
2617 130305.19
2618 20572.54
2619 11471.97
2620 21738.16
2621 223157.77
2622 70613.61
2623 41029.69
2624 235459.80
2625 48710.88
2626 29323.91
2627 34331.44
2628 59974.16
2629 22731.36
2630 43525.31
2631 96536.07
2632 90881.36
2633 142997.61
2634 69585.94
2635 0.00
2636 64150.97
2637 24315.05
2638 0.00
2639 2866.17
2640 116979.70
2641 15844.62
2642 153804.20
2643 32457.85
2644 21572.95
2645 79841.62
2646 22943.47
2647 92618.49
2648 30989.39
2649 5542.99
2650 33785.81
2651 53354.42
2652 96930.71
2653 72677.21
2654 61256.37
2655 146618.79
2656 34218.01
2657 31019.07
2658 43704.66
2659 228552.01
2660 28269.87
2661 58997.83
2662 21134.62
2663 39403.64
2664 61599.16
2665 48931.27
2666 4437.75
2667 29334.27
2668 49989.78
2669 17372.81
2670 32141.68
2671 23919.00
2672 20611.94
2673 9757.94
2674 149206.46
2675 39977.51
2676 30150.84
2677 15014.49
2678 120195.55
2679 74591.01
2680 0.00
2681 72670.28
2682 53450.82
2683 65501.80
2684 63259.31
2685 55243.32
2686 33284.26
2687 32094.08
2688 12551.61
2689 1035.75
2690 0.00
2691 65851.04
2692 19447.93
2693 33572.17
2694 33738.56
2695 45554.63
2696 0.00
2697 86509.64
2698 18174.51
2699 61624.87
2700 91845.72
2701 63586.14
2702 110244.89
2703 18634.26
2704 201687.27
2705 953.95
2706 54037.95
2707 73197.39
2708 7834.38
2709 0.00
2710 1622.72
2711 119116.08
2712 53954.22
2713 6790.36
2714 25880.09
2715 16327.81
2716 10316.67
2717 29167.19
2718 188157.90
2719 46392.95
2720 23034.08
2721 54463.30
2722 96171.60
2723 25983.16
2724 41457.31
2725 18456.59
2726 10963.34
2727 126501.12
2728 34627.45
2729 112644.53
2730 77588.98
2731 29128.96
2732 82750.28
2733 0.00
2734 60542.27
2735 52017.49
2736 125815.13
2737 7559.05
2738 64344.52
2739 0.00
2740 35933.21
2741 26202.76
2742 31898.15
2743 90819.72
2744 26666.46
2745 150938.95
2746 41684.06
2747 134533.68
2748 9706.17
2749 88327.86
2750 53056.07
2751 0.00
2752 16560.15
2753 86754.03
2754 25840.70
2755 78049.79
2756 8701.52
2757 35358.97
2758 0.00
2759 37197.89
2760 95333.05
2761 0.00
2762 194857.68
2763 20114.51
2764 6225.54
2765 59848.86
2766 0.00
2767 120137.05
2768 38315.56
2769 195594.98
2770 71001.34
2771 98234.66
2772 42787.41
2773 35291.38
2774 81081.12
2775 0.00
2776 98917.42
2777 12503.54
2778 117210.83
2779 24306.79
2780 73561.72
2781 73462.56
2782 0.00
2783 38622.34
2784 0.00
2785 4093.84
2786 0.00
2787 92626.94
2788 38514.93
2789 96207.27
2790 96437.80
2791 16419.60
2792 20891.29
2793 54756.42
2794 94933.37
2795 0.00
2796 163133.99
2797 50659.72
2798 30373.21
2799 5275.31
2800 63711.04
2801 87373.78
2802 42775.08
2803 0.00
2804 38412.32
2805 3341.31
2806 116164.09
2807 1486.33
2808 11431.97
2809 41507.12
2810 58212.24
2811 51287.56
2812 30478.26
2813 3461.93
2814 16069.01
2815 69512.70
2816 0.00
2817 165639.22
2818 11438.39
2819 76663.56
2820 43764.76
2821 6777.64
2822 150921.24
2823 12718.16
2824 26596.77
2825 13724.72
2826 0.00
2827 23118.38
2828 1364.71
2829 93193.80
2830 43509.19
2831 90160.27
2832 183053.44
2833 48945.58
2834 25197.94
2835 0.00
2836 8430.44
2837 60693.69
2838 39223.56
2839 91642.50
2840 64279.46
2841 146962.99
2842 18918.56
2843 58788.87
2844 18070.38
2845 44380.80
2846 131561.90
2847 10374.37
2848 23557.64
2849 29086.75
2850 0.00
2851 40608.91
2852 35361.85
2853 102724.56
2854 23189.18
2855 14688.11
2856 2884.85
2857 14299.71
2858 75348.60
2859 38367.86
2860 55550.89
2861 0.00
2862 4832.18
2863 0.00
2864 5261.49
2865 11210.99
2866 48415.57
2867 52995.37
2868 15354.35
2869 83938.81
2870 0.00
2871 42489.33
2872 36299.67
2873 33536.48
2874 3496.67
2875 10176.76
2876 49318.57
2877 156578.02
2878 25345.14
2879 33079.54
2880 97861.22
2881 9685.18
2882 63897.35
2883 204142.00
2884 7622.89
2885 0.00
2886 31024.51
2887 31553.20
2888 15705.56
2889 0.00
2890 25241.35
2891 97766.35
2892 167607.46
2893 87493.35
2894 52710.74
2895 0.00
2896 77871.71
2897 0.00
2898 22279.87
2899 338498.99
2900 11339.65
2901 105420.36
2902 58369.02
2903 2376.80
2904 67573.06
2905 51172.67
2906 20515.48
2907 85199.14
2908 3713.97
2909 24035.43
2910 0.00
2911 22148.91
2912 243269.65
2913 67003.06
2914 66604.21
2915 0.00
2916 57256.46
2917 0.00
2918 9599.11
2919 100461.30
2920 27951.82
2921 0.00
2922 56836.80
2923 26318.44
2924 138711.01
2925 37462.45
2926 13820.39
2927 0.00
2928 35963.60
2929 14352.78
2930 38423.52
2931 20660.93
2932 130484.47
2933 10770.51
2934 79780.38
2935 37323.46
2936 4306.25
2937 12277.90
2938 24939.01
2939 80339.37
2940 43723.46
2941 13087.05
2942 22739.07
2943 48927.13
2944 17384.63
2945 53795.33
2946 125840.63
2947 91218.53
2948 15637.84
2949 36633.32
2950 0.00
2951 8318.00
2952 18439.94
2953 48112.59
2954 94142.46
2955 0.00
2956 118897.62
2957 15193.47
2958 43988.09
2959 51428.89
2960 8007.39
2961 40666.41
2962 53070.94
2963 87330.58
2964 33426.17
2965 2260.89
2966 0.00
2967 51655.77
2968 148969.70
2969 3693.97
2970 25324.80
2971 93380.69
2972 48209.69
2973 15923.17
2974 28631.83
2975 131073.64
2976 25080.93
2977 0.00
2978 11012.67
2979 31640.45
2980 0.00
2981 30931.25
2982 37206.92
2983 0.00
2984 17118.30
2985 69376.46
2986 5010.83
2987 113744.38
2988 14382.76
2989 66512.86
2990 8263.26
2991 12533.26
2992 4942.09
2993 27162.42
2994 21158.55
2995 138940.25
2996 64073.67
2997 20261.66
2998 56142.90
2999 44722.89
3000 120904.91
3001 26485.67
3002 92518.98
3003 4886.17
3004 107012.87
3005 167791.97
3006 70302.76
3007 18307.86
3008 0.00
3009 74158.10
3010 10743.50
3011 0.00
3012 0.00
3013 62012.03
3014 137246.27
3015 28802.04
3016 137744.48
3017 21637.24
3018 10942.43
3019 5758.21
3020 61517.16
3021 15000.69
3022 0.00
3023 72634.41
3024 0.00
3025 30199.19
3026 14116.71
3027 3980.00
3028 66048.08
3029 0.00
3030 7741.22
3031 5824.60
3032 0.00
3033 87695.76
3034 39405.65
3035 0.00
3036 118642.03
3037 76374.49
3038 92010.20
3039 0.00
3040 63300.73
3041 4242.88
3042 22894.03
3043 53986.19
3044 93039.19
3045 0.00
3046 48690.45
3047 16988.26
3048 27660.73
3049 42491.06
3050 27175.58
3051 53673.70
3052 0.00
3053 0.00
3054 6425.15
3055 77356.22
3056 54466.90
3057 68639.01
3058 11520.31
3059 68639.11
3060 106139.61
3061 154952.43
3062 0.00
3063 0.00
3064 13883.35
3065 157270.08
3066 138320.56
3067 111045.29
3068 32779.41
3069 16196.04
3070 117334.78
3071 37765.56
3072 13676.01
3073 13338.83
3074 16567.16
3075 121767.86
3076 42873.03
3077 0.00
3078 94575.58
3079 93573.16
3080 13242.67
3081 17184.22
3082 63333.11
3083 41974.34
3084 192287.22
3085 41668.91
3086 122661.18
3087 201033.86
3088 1330.15
3089 42433.60
3090 15041.39
3091 7593.40
3092 111662.56
3093 13345.14
3094 0.00
3095 92413.88
3096 30285.23
3097 36242.90
3098 46071.11
3099 48810.91
3100 24688.30
3101 0.00
3102 83954.13
3103 8986.35
3104 36279.07
3105 24518.30
3106 64710.24
3107 2382.68
3108 8237.14
3109 31949.24
3110 0.00
3111 1425.62
3112 221664.17
3113 46149.54
3114 44596.13
3115 60479.47
3116 16903.31
3117 26286.98
3118 190183.23
3119 26854.70
3120 1443.09
3121 14664.79
3122 51294.84
3123 135095.96
3124 45799.08
3125 0.00
3126 0.00
3127 35759.67
3128 104465.87
3129 20018.10
3130 24151.39
3131 58745.91
3132 134519.26
3133 29510.24
3134 60971.34
3135 46948.43
3136 67911.59
3137 64152.64
3138 0.00
3139 33576.18
3140 63526.91
3141 15980.69
3142 140972.84
3143 3980.00
3144 0.00
3145 39168.38
3146 27731.65
3147 79260.76
3148 0.00
3149 23763.62
3150 45024.76
3151 1960.52
3152 1715.18
3153 21715.05
3154 51693.99
3155 82574.53
3156 107200.07
3157 960.14
3158 79024.96
3159 5647.01
3160 0.00
3161 60064.74
3162 18015.90
3163 69892.33
3164 163646.39
3165 45601.81
3166 0.00
3167 14883.90
3168 27768.61
3169 36595.04
3170 33875.92
3171 0.00
3172 44588.25
3173 0.00
3174 44722.37
3175 11120.01
3176 12381.01
3177 13890.08
3178 29038.53
3179 0.00
3180 72852.41
3181 58963.42
3182 0.00
3183 16935.16
3184 93195.07
3185 1323.39
3186 9669.38
3187 57634.31
3188 53606.51
3189 38820.79
3190 72485.64
3191 15266.10
3192 17325.92
3193 0.00
3194 29778.47
3195 8819.96
3196 682.99
3197 62527.19
3198 62203.35
3199 0.00
3200 30169.26
3201 16125.91
3202 28615.78
3203 0.00
3204 80533.83
3205 30684.98
3206 72103.84
3207 21243.04
3208 56175.22
3209 0.00
3210 51987.56
3211 92028.54
3212 0.00
3213 5405.15
3214 0.00
3215 58452.81
3216 129361.66
3217 20494.63
3218 41371.25
3219 0.00
3220 103142.60
3221 22007.69
3222 72790.48
3223 45092.81
3224 85795.43
3225 36610.39
3226 13742.55
3227 36726.85
3228 8559.23
3229 7425.19
3230 0.00
3231 27691.13
3232 29789.59
3233 36177.89
3234 0.00
3235 8267.29
3236 31328.88
3237 44068.93
3238 17785.38
3239 45881.68
3240 31914.10
3241 0.00
3242 97797.11
3243 0.00
3244 119798.41
3245 48855.67
3246 60306.34
3247 90817.80
3248 86787.78
3249 0.00
3250 3981.00
3251 57166.55
3252 60665.25
3253 47496.57
3254 49363.50
3255 123009.22
3256 6058.23
3257 20627.92
3258 2855.86
3259 102572.25
3260 0.00
3261 17596.01
3262 55373.95
3263 59745.97
3264 19543.85
3265 175265.29
3266 60309.09
3267 37171.11
3268 62591.72
3269 3960.64
3270 88282.19
3271 74697.35
3272 134496.41
3273 28114.79
3274 3783.03
3275 87057.54
3276 317924.76
3277 86461.26
3278 32410.06
3279 67310.29
3280 144355.62
3281 72413.23
3282 0.00
3283 24719.07
3284 0.00
3285 30978.11
3286 107418.88
3287 101113.88
3288 89005.95
3289 77440.37
3290 39356.90
3291 18373.73
3292 77470.23
3293 49657.07
3294 20866.69
3295 29730.11
3296 5283.55
3297 10931.50
3298 169041.18
3299 96479.05
3300 25476.79
3301 69624.80
3302 55663.09
3303 217363.62
3304 14711.76
3305 49140.89
3306 8163.76
3307 137135.86
3308 2412.08
3309 46621.81
3310 7161.58
3311 195155.45
3312 11921.62
3313 10375.91
3314 73101.03
3315 36533.82
3316 40466.97
3317 4924.10
3318 16657.48
3319 31170.04
3320 36323.17
3321 6575.45
3322 0.00
3323 5007.85
3324 1786.87
3325 39135.62
3326 2611.63
3327 54918.95
3328 6541.87
3329 746.61
3330 0.00
3331 13286.29
3332 0.00
3333 0.00
3334 0.00
3335 50043.35
3336 47596.50
3337 78153.62
3338 2625.74
3339 976.94
3340 158226.47
3341 46166.76
3342 137824.52
3343 43826.33
3344 124147.11
3345 15104.29
3346 89266.20
3347 37073.67
3348 157634.98
3349 0.00
3350 99374.01
3351 34129.87
3352 19565.72
3353 0.00
3354 3400.20
3355 41663.54
3356 20208.41
3357 1199.65
3358 13840.61
3359 0.00
3360 42103.37
3361 3719.27
3362 117727.78
3363 7544.94
3364 0.00
3365 53073.06
3366 3928.18
3367 9843.48
3368 12549.16
3369 29052.93
3370 16271.97
3371 0.00
3372 55405.95
3373 128054.38
3374 122929.61
3375 60507.37
3376 53876.06
3377 6683.34
3378 0.00
3379 94428.51
3380 71824.93
3381 955.40
3382 77109.92
3383 86235.40
3384 40005.79
3385 0.00
3386 62744.51
3387 38792.76
3388 0.00
3389 51735.16
3390 3942.97
3391 6725.55
3392 6279.69
3393 3038.75
3394 27951.01
3395 23195.40
3396 10903.82
3397 42190.03
3398 0.00
3399 3961.57
3400 118321.02
3401 152431.97
3402 84428.52
3403 153006.72
3404 0.00
3405 104827.21
3406 0.00
3407 64790.63
3408 79810.22
3409 208785.06
3410 55776.57
3411 16049.12
3412 17274.50
3413 169536.19
3414 35364.36
3415 28685.53
3416 369.25
3417 3145.39
3418 2613.88
3419 0.00
3420 43123.80
3421 2416.11
3422 123330.03
3423 15867.08
3424 87951.84
3425 27020.07
3426 108661.85
3427 82792.07
3428 0.00
3429 96774.88
3430 78852.84
3431 1702.91
3432 159668.86
3433 8182.44
3434 108286.12
3435 548.46
3436 71612.54
3437 0.00
3438 15992.96
3439 20670.02
3440 31132.92
3441 16466.48
3442 50982.02
3443 26898.40
3444 0.00
3445 3934.59
3446 94885.31
3447 30421.28
3448 27748.34
3449 19350.39
3450 52057.16
3451 26370.61
3452 39812.76
3453 43841.74
3454 99915.47
3455 0.00
3456 91048.38
3457 0.00
3458 25472.75
3459 0.00
3460 83703.47
3461 43644.78
3462 140507.16
3463 0.00
3464 94064.65
3465 3980.00
3466 97152.90
3467 11172.42
3468 16229.66
3469 48396.06
3470 64318.57
3471 0.00
3472 3217.06
3473 30578.72
3474 21024.81
3475 70232.96
3476 20889.86
3477 113900.26
3478 3068.03
3479 38909.55
3480 0.00
3481 0.00
3482 0.00
3483 81268.15
3484 15834.51
3485 80603.51
3486 33306.91
3487 84886.45
3488 3331.40
3489 18445.58
3490 199488.73
3491 32042.15
3492 36171.77
3493 0.00
3494 236479.80
3495 51599.75
3496 4603.44
3497 10739.57
3498 96904.79
3499 0.00
3500 9187.05
3501 0.00
3502 84143.37
3503 63308.68
3504 30798.47
3505 14262.67
3506 18221.54
3507 154327.04
3508 77834.54
3509 118432.84
3510 74659.50
3511 57362.91
3512 2580.58
3513 0.00
3514 66263.97
3515 90945.80
3516 58630.68
3517 49801.82
3518 38400.39
3519 21802.11
3520 106706.38
3521 51963.18
3522 41932.60
3523 120333.30
3524 17201.54
3525 0.00
3526 112580.55
3527 4395.94
3528 110284.00
3529 193992.48
3530 0.00
3531 168879.68
3532 74848.95
3533 96543.91
3534 32277.71
3535 0.00
3536 52941.80
3537 4019.54
3538 6833.09
3539 667.15
3540 15551.32
3541 0.00
3542 0.00
3543 103047.07
3544 65443.69
3545 29038.14
3546 24396.80
3547 45976.94
3548 47896.94
3549 75643.51
3550 0.00
3551 26455.58
3552 38647.68
3553 28167.70
3554 5878.21
3555 90096.83
3556 118212.15
3557 104151.23
3558 44122.13
3559 20058.80
3560 14121.61
3561 16450.36
3562 105802.99
3563 24012.42
3564 33060.09
3565 83292.22
3566 14505.80
3567 1223.57
3568 109812.01
3569 73464.04
3570 28247.43
3571 3167.95
3572 73072.74
3573 48389.49
3574 13243.92
3575 15217.61
3576 29771.73
3577 122949.75
3578 145487.08
3579 26971.01
3580 6536.68
3581 53717.05
3582 34507.37
3583 62628.72
3584 18453.64
3585 9790.94
3586 33566.39
3587 17365.43
3588 157514.64
3589 0.00
3590 8375.06
3591 36605.10
3592 0.00
3593 0.00
3594 6006.64
3595 74737.00
3596 71789.18
3597 18125.07
3598 88361.22
3599 0.00
3600 0.00
3601 35365.13
3602 46907.78
3603 24829.93
3604 13011.95
3605 8380.07
3606 71538.88
3607 55865.01
3608 28315.87
3609 5789.34
3610 20071.18
3611 87768.39
3612 0.00
3613 39774.98
3614 45683.69
3615 65579.53
3616 146939.05
3617 29639.52
3618 20165.07
3619 81039.01
3620 33160.65
3621 7312.47
3622 0.00
3623 81470.57
3624 15373.38
3625 1603.20
3626 6849.71
3627 24499.26
3628 21109.71
3629 52892.61
3630 9348.37
3631 109227.15
3632 0.00
3633 43914.10
3634 21368.90
3635 0.00
3636 1262.23
3637 75913.08
3638 7022.79
3639 0.00
3640 53172.64
3641 833.65
3642 43795.08
3643 26037.23
3644 91651.70
3645 75646.72
3646 24250.80
3647 19906.28
3648 12612.35
3649 49648.82
3650 19213.22
3651 164408.68
3652 83122.32
3653 85648.87
3654 69882.43
3655 68508.33
3656 0.00
3657 85365.06
3658 0.00
3659 49761.53
3660 28839.62
3661 34644.51
3662 1419.53
3663 51656.92
3664 28433.34
3665 40300.24
3666 132041.85
3667 103302.13
3668 19474.31
3669 133126.12
3670 1409.64
3671 92142.36
3672 2913.39
3673 0.00
3674 20106.05
3675 9591.26
3676 34416.95
3677 48294.07
3678 61161.37
3679 86911.34
3680 38803.94
3681 24988.57
3682 42412.24
3683 221.44
3684 0.00
3685 3785.39
3686 233703.01
3687 31867.47
3688 0.00
3689 22277.98
3690 30531.16
3691 1602.70
3692 39829.38
3693 39241.42
3694 17019.68
3695 3078.50
3696 97361.18
3697 40472.13
3698 80304.40
3699 99467.07
3700 12028.59
3701 104429.53
3702 21187.25
3703 41288.78
3704 30601.88
3705 46252.97
3706 2497.93
3707 0.00
3708 83855.55
3709 73567.81
3710 72225.64
3711 23571.20
3712 165337.31
3713 34969.32
3714 48699.44
3715 0.00
3716 18304.56
3717 41479.40
3718 145596.88
3719 64961.02
3720 91254.12
3721 0.00
3722 70571.40
3723 39452.28
3724 71846.86
3725 24303.25
3726 98912.20
3727 69454.68
3728 20695.49
3729 18451.56
3730 16996.55
3731 22629.82
3732 0.00
3733 56365.22
3734 46752.78
3735 166246.82
3736 0.00
3737 66830.27
3738 1882.49
3739 83384.80
3740 13279.71
3741 45352.28
3742 43683.32
3743 42505.68
3744 111743.89
3745 161782.44
3746 0.00
3747 3916.81
3748 38575.47
3749 88675.37
3750 40758.25
3751 51403.87
3752 0.00
3753 23472.83
3754 53802.78
3755 19722.67
3756 94130.04
3757 59658.17
3758 50426.52
3759 189089.07
3760 101681.11
3761 183000.77
3762 65739.08
3763 76853.86
3764 23527.25
3765 15715.72
3766 74945.53
3767 13330.72
3768 23715.72
3769 78561.44
3770 11452.00
3771 99964.99
3772 242937.33
3773 17286.06
3774 22349.32
3775 101840.53
3776 79809.57
3777 0.00
3778 34973.32
3779 20558.15
3780 121578.56
3781 41124.37
3782 109188.99
3783 152657.89
3784 0.00
3785 96970.58
3786 60752.39
3787 0.00
3788 152629.81
3789 39314.80
3790 0.00
3791 48921.39
3792 10536.90
3793 26577.17
3794 25221.37
3795 31374.58
3796 30780.93
3797 8319.37
3798 22433.62
3799 46286.93
3800 12765.16
3801 5922.79
3802 13102.85
3803 73066.83
3804 1677.68
3805 32129.52
3806 38966.01
3807 81759.61
3808 0.00
3809 20217.70
3810 15269.48
3811 58728.17
3812 36273.37
3813 12013.61
3814 24492.11
3815 153839.83
3816 25783.28
3817 28852.26
3818 47639.75
3819 56986.81
3820 29303.22
3821 0.00
3822 29818.04
3823 39135.10
3824 47182.58
3825 16456.85
3826 45274.45
3827 174443.38
3828 67150.54
3829 22304.79
3830 39647.68
3831 17465.46
3832 101392.90
3833 156442.94
3834 47810.00
3835 0.00
3836 10767.13
3837 124973.83
3838 27882.97
3839 56143.57
3840 32387.55
3841 31438.16
3842 58572.48
3843 3149.98
3844 41951.61
3845 143184.88
3846 66662.55
3847 5499.57
3848 22120.55
3849 41057.62
3850 0.00
3851 0.00
3852 2710.12
3853 39912.81
3854 3463.01
3855 89177.22
3856 2487.43
3857 24070.24
3858 41678.68
3859 52293.74
3860 0.00
3861 0.00
3862 59199.30
3863 19010.01
3864 47496.33
3865 150096.81
3866 52488.69
3867 62494.44
3868 12330.80
3869 92000.70
3870 70033.28
3871 5224.11
3872 0.00
3873 50474.15
3874 79181.72
3875 65854.78
3876 0.00
3877 13746.13
3878 15684.79
3879 18335.81
3880 78937.35
3881 31038.74
3882 33332.00
3883 0.00
3884 53029.40
3885 3997.18
3886 0.00
3887 36669.53
3888 29830.97
3889 0.00
3890 27910.37
3891 62481.57
3892 72076.58
3893 25642.85
3894 45672.17
3895 49021.35
3896 69956.57
3897 58069.37
3898 39438.90
3899 8670.61
3900 71608.63
3901 58693.96
3902 57769.70
3903 2102.40
3904 0.00
3905 27141.01
3906 2205.67
3907 674.43
3908 15869.30
3909 24767.67
3910 193374.83
3911 5775.89
3912 23835.10
3913 62127.48
3914 44598.73
3915 107008.26
3916 46841.82
3917 84875.84
3918 27094.77
3919 9861.21
3920 42676.73
3921 0.00
3922 37637.99
3923 43421.80
3924 2201.46
3925 14741.30
3926 2757.48
3927 135745.15
3928 13777.12
3929 19461.06
3930 17376.43
3931 134850.23
3932 6584.87
3933 33857.20
3934 63384.73
3935 11533.35
3936 51632.17
3937 17617.13
3938 274177.55
3939 67660.86
3940 83123.37
3941 10324.09
3942 11710.71
3943 0.00
3944 23000.82
3945 18836.72
3946 30943.34
3947 49985.77
3948 34158.82
3949 0.00
3950 129762.26
3951 64450.77
3952 15374.28
3953 4559.17
3954 69661.12
3955 166845.81
3956 29402.35
3957 655.21
3958 26710.40
3959 22180.37
3960 19098.24
3961 32121.80
3962 3982.50
3963 0.00
3964 0.00
3965 51580.93
3966 41955.22
3967 77059.08
3968 87692.32
3969 37444.77
3970 68397.56
3971 10118.98
3972 20278.68
3973 109005.02
3974 9767.61
3975 14263.51
3976 39035.20
3977 54873.06
3978 0.00
3979 36977.00
3980 98929.96
3981 15701.00
3982 16796.72
3983 37116.64
3984 70798.27
3985 9197.92
3986 49865.87
3987 11105.65
3988 144577.66
3989 99074.52
3990 0.00
3991 7011.10
3992 72759.08
3993 7096.85
3994 0.00
3995 62136.58
3996 43500.95
3997 28530.56
3998 36831.98
3999 47591.72
4000 10777.94
4001 72763.72
4002 7230.88
4003 145371.48
4004 1416.99
4005 0.00
4006 41364.55
4007 0.00
4008 441.71
4009 44931.95
4010 47116.38
4011 142407.35
4012 0.00
4013 101294.18
4014 0.00
4015 127839.25
4016 37625.31
4017 72145.89
4018 65145.87
4019 20926.61
4020 25338.64
4021 6382.14
4022 2184.42
4023 37510.30
4024 3664.85
4025 3980.00
4026 24282.64
4027 0.00
4028 39616.59
4029 18833.54
4030 4407.48
4031 9500.88
4032 0.00
4033 8880.17
4034 15874.36
4035 82465.99
4036 77053.96
4037 23021.41
4038 17816.72
4039 0.00
4040 57732.14
4041 79424.45
4042 133845.68
4043 123417.92
4044 65622.97
4045 0.00
4046 43290.82
4047 0.00
4048 209111.38
4049 172708.06
4050 89815.98
4051 101048.39
4052 139819.23
4053 10622.08
4054 168809.73
4055 0.00
4056 0.00
4057 87663.55
4058 70823.47
4059 44972.65
4060 16939.37
4061 81295.32
4062 45271.43
4063 83405.53
4064 64608.24
4065 91848.34
4066 66874.78
4067 40851.67
4068 12044.16
4069 0.00
4070 2605.95
4071 10789.54
4072 34783.17
4073 41709.72
4074 0.00
4075 160160.62
4076 18752.73
4077 54872.24
4078 11035.91
4079 126134.71
4080 53031.72
4081 149238.23
4082 26129.94
4083 55434.60
4084 27265.98
4085 2197.32
4086 35559.21
4087 58245.63
4088 84668.47
4089 40852.19
4090 1732.00
4091 45637.63
4092 98685.84
4093 4014.11
4094 25307.37
4095 14538.93
4096 1602.23
4097 5995.26
4098 301261.81
4099 844.57
4100 31617.78
4101 86676.65
4102 21459.62
4103 14233.84
4104 6955.24
4105 123886.62
4106 20302.77
4107 158759.30
4108 5234.96
4109 122962.41
4110 9077.66
4111 34791.67
4112 170737.93
4113 80395.72
4114 63990.25
4115 0.00
4116 33516.92
4117 91572.79
4118 15607.32
4119 101822.26
4120 102761.95
4121 46896.31
4122 27868.03
4123 41739.67
4124 0.00
4125 142063.51
4126 25058.27
4127 6502.42
4128 0.00
4129 0.00
4130 31046.52
4131 4454.78
4132 59205.89
4133 53114.37
4134 12461.67
4135 0.00
4136 8195.88
4137 31625.95
4138 8404.01
4139 6576.89
4140 27429.84
4141 30490.59
4142 26016.17
4143 0.00
4144 46068.63
4145 55420.13
4146 16985.31
4147 21482.86
4148 24487.12
4149 142943.08
4150 112565.05
4151 80609.50
4152 0.00
4153 57298.37
4154 41991.64
4155 55419.39
4156 36278.83
4157 1790.09
4158 0.00
4159 18737.79
4160 0.00
4161 14620.04
4162 42909.58
4163 12156.30
4164 136131.01
4165 948.58
4166 0.00
4167 146294.58
4168 28369.49
4169 71707.66
4170 29409.28
4171 20642.67
4172 12138.62
4173 98559.90
4174 27328.16
4175 151629.24
4176 49465.62
4177 40430.62
4178 7980.31
4179 0.00
4180 16498.20
4181 0.00
4182 81898.72
4183 81978.13
4184 12310.71
4185 31622.46
4186 31688.34
4187 118218.63
4188 74846.08
4189 4368.46
4190 288.03
4191 94114.47
4192 1557.92
4193 44772.53
4194 95521.02
4195 39917.62
4196 27559.68
4197 36425.38
4198 3980.00
4199 24206.49
4200 4977.27
4201 52943.27
4202 0.00
4203 94734.97
4204 28207.45
4205 127645.25
4206 103400.47
4207 69002.30
4208 77187.62
4209 4249.01
4210 12718.49
4211 110356.72
4212 0.00
4213 18785.45
4214 84091.50
4215 0.00
4216 81666.81
4217 0.00
4218 3276.59
4219 0.00
4220 241623.28
4221 3981.00
4222 67237.46
4223 0.00
4224 81337.69
4225 31173.63
4226 16810.90
4227 28272.38
4228 14685.55
4229 12122.76
4230 42857.72
4231 20463.49
4232 427.84
4233 59405.15
4234 171807.41
4235 128597.49
4236 151649.05
4237 65214.08
4238 97729.84
4239 179689.96
4240 52325.65
4241 164501.41
4242 252989.85
4243 79073.95
4244 62978.97
4245 43716.34
4246 65883.68
4247 12401.49
4248 76800.14
4249 61806.55
4250 33397.95
4251 3980.00
4252 144415.78
4253 27633.63
4254 71643.31
4255 30018.74
4256 18990.20
4257 73526.19
4258 50028.32
4259 50077.19
4260 49474.46
4261 68051.14
4262 54194.30
4263 46732.46
4264 33805.08
4265 25612.80
4266 8791.83
4267 0.00
4268 25617.73
4269 13846.48
4270 26390.51
4271 36288.25
4272 8922.26
4273 37372.75
4274 18205.33
4275 29220.75
4276 10223.67
4277 44448.72
4278 84234.31
4279 69217.82
4280 45757.35
4281 214770.42
4282 28064.97
4283 75974.92
4284 35519.86
4285 110199.59
4286 39216.08
4287 86163.48
4288 14562.89
4289 34067.11
4290 38368.17
4291 9630.83
4292 63945.11
4293 64870.06
4294 25225.49
4295 8676.59
4296 0.00
4297 184632.16
4298 41304.43
4299 62782.81
4300 25601.10
4301 42938.66
4302 10046.48
4303 103658.03
4304 23057.74
4305 41838.62
4306 15429.67
4307 1510.69
4308 92004.40
4309 7219.62
4310 25041.70
4311 113445.09
4312 0.00
4313 65265.88
4314 89010.13
4315 61540.74
4316 42393.61
4317 130374.77
4318 132312.30
4319 117821.76
4320 72848.90
4321 118132.48
4322 96459.18
4323 152194.38
4324 28391.07
4325 83724.02
4326 70914.45
4327 129089.64
4328 6611.17
4329 0.00
4330 59935.55
4331 63240.86
4332 0.00
4333 45858.04
4334 53654.11
4335 60106.10
4336 111119.02
4337 75169.87
4338 40283.19
4339 29017.05
4340 34453.86
4341 38056.86
4342 24554.94
4343 25827.99
4344 28349.41
4345 69947.54
4346 114869.20
4347 0.00
4348 113064.09
4349 15004.27
4350 22413.00
4351 0.00
4352 0.00
4353 84702.38
4354 63789.71
4355 15148.68
4356 114835.58
4357 56152.37
4358 0.00
4359 18015.53
4360 45515.75
4361 646.57
4362 41824.97
4363 57526.58
4364 117592.70
4365 0.00
4366 42216.97
4367 0.00
4368 53777.01
4369 0.00
4370 37844.38
4371 71638.33
4372 83236.10
4373 0.00
4374 0.00
4375 1808.99
4376 20177.21
4377 204753.72
4378 0.00
4379 0.00
4380 947.02
4381 53998.32
4382 83572.35
4383 97468.54
4384 43343.41
4385 72052.13
4386 50853.16
4387 12414.94
4388 0.00
4389 89797.80
4390 152724.56
4391 26462.23
4392 8492.04
4393 46764.35
4394 10330.29
4395 137804.50
4396 63594.14
4397 63001.71
4398 39105.63
4399 76009.55
4400 3980.00
4401 14424.18
4402 6057.84
4403 0.00
4404 0.00
4405 64014.54
4406 38771.08
4407 0.00
4408 48288.87
4409 0.00
4410 141730.74
4411 28514.17
4412 21110.67
4413 15708.11
4414 34235.01
4415 59188.10
4416 53078.53
4417 14681.33
4418 51727.99
4419 39523.49
4420 137349.62
4421 81226.27
4422 131825.52
4423 150372.14
4424 31895.53
4425 29799.90
4426 0.00
4427 28851.06
4428 206096.96
4429 11612.35
4430 0.00
4431 0.00
4432 185619.71
4433 19825.84
4434 590.93
4435 123111.36
4436 20108.24
4437 62482.34
4438 26128.52
4439 44023.65
4440 93051.04
4441 82444.10
4442 36842.57
4443 26040.17
4444 75184.85
4445 0.00
4446 10887.90
4447 38024.77
4448 12094.56
4449 1695.79
4450 9122.47
4451 26532.21
4452 94472.73
4453 0.00
4454 56211.13
4455 51056.33
4456 81032.51
4457 0.00
4458 55307.90
4459 38309.09
4460 1302.04
4461 0.00
4462 12264.23
4463 1662.31
4464 91267.70
4465 16615.33
4466 90116.68
4467 39611.30
4468 54519.86
4469 15121.21
4470 0.00
4471 90268.61
4472 24466.52
4473 48105.67
4474 11264.70
4475 52266.79
4476 0.00
4477 1011.27
4478 511.57
4479 2436.87
4480 49449.14
4481 24739.30
4482 84761.81
4483 45151.92
4484 0.00
4485 44480.30
4486 37589.96
4487 137089.91
4488 4955.44
4489 171744.85
4490 0.00
4491 0.00
4492 132972.98
4493 0.00
4494 1255.28
4495 35619.88
4496 19978.81
4497 220332.38
4498 11866.41
4499 70510.36
4500 17700.40
4501 114213.29
4502 144842.33
4503 47044.39
4504 70042.58
4505 17017.05
4506 0.00
4507 29227.45
4508 159302.46
4509 82001.58
4510 12744.80
4511 101246.25
4512 3980.00
4513 151055.56
4514 2167.44
4515 0.00
4516 286096.43
4517 118293.06
4518 1952.98
4519 16048.21
4520 1824.92
4521 77168.19
4522 164955.35
4523 60401.27
4524 22252.37
4525 75279.14
4526 69835.55
4527 91475.14
4528 80523.75
4529 171539.63
4530 18074.47
4531 11177.57
4532 23759.27
4533 46313.18
4534 9122.08
4535 7819.46
4536 80161.58
4537 80419.97
4538 39959.86
4539 28401.81
4540 91633.36
4541 8123.38
4542 25896.56
4543 2633.37
4544 73909.73
4545 42419.76
4546 54987.85
4547 10462.19
4548 781.49
4549 15685.09
4550 44703.32
4551 16298.17
4552 0.00
4553 62128.49
4554 44046.02
4555 20065.30
4556 73257.33
4557 28109.63
4558 7954.83
4559 32353.04
4560 35339.20
4561 102629.35
4562 96560.86
4563 62317.85
4564 13099.11
4565 68637.38
4566 34991.65
4567 42161.38
4568 0.00
4569 4548.26
4570 44934.10
4571 57293.89
4572 51313.90
4573 219138.44
4574 44965.49
4575 15883.75
4576 84158.55
4577 14117.35
4578 9012.47
4579 0.00
4580 102282.13
4581 127334.62
4582 84738.00
4583 136861.74
4584 17580.34
4585 18116.63
4586 45862.84
4587 199504.03
4588 6054.32
4589 35725.23
4590 125376.62
4591 0.00
4592 67541.01
4593 91234.36
4594 5777.68
4595 16735.25
4596 31931.16
4597 59265.47
4598 41382.90
4599 58358.91
4600 25791.07
4601 0.00
4602 64488.62
4603 1345.63
4604 0.00
4605 31665.48
4606 28706.17
4607 50316.28
4608 2439.82
4609 53477.95
4610 70939.20
4611 57759.41
4612 100212.30
4613 15282.12
4614 0.00
4615 60257.04
4616 13569.37
4617 25570.82
4618 45298.89
4619 0.00
4620 73564.47
4621 12374.45
4622 3980.00
4623 19652.55
4624 85648.61
4625 91031.42
4626 0.00
4627 46313.80
4628 43255.25
4629 71869.99
4630 0.00
4631 45202.20
4632 31572.94
4633 5406.63
4634 0.00
4635 284612.87
4636 37530.27
4637 11745.16
4638 0.00
4639 31568.87
4640 8777.98
4641 15471.59
4642 6610.60
4643 1384.07
4644 3384.49
4645 86136.32
4646 47212.48
4647 109612.47
4648 20751.74
4649 1051.32
4650 20244.30
4651 0.00
4652 31799.79
4653 130803.29
4654 93181.99
4655 38244.88
4656 0.00
4657 47057.72
4658 173785.80
4659 0.00
4660 187036.34
4661 6503.99
4662 639.95
4663 0.00
4664 0.00
4665 0.00
4666 110568.84
4667 103633.84
4668 11325.71
4669 50660.99
4670 83510.20
4671 45962.71
4672 65477.60
4673 50328.81
4674 124668.81
4675 74080.04
4676 0.00
4677 53057.41
4678 44655.60
4679 6892.66
4680 0.00
4681 24060.93
4682 0.00
4683 16721.87
4684 0.00
4685 103776.99
4686 2493.79
4687 3565.63
4688 0.00
4689 79317.25
4690 71261.25
4691 0.00
4692 0.00
4693 73061.15
4694 17476.03
4695 27261.68
4696 0.00
4697 91781.60
4698 90820.68
4699 266851.06
4700 152335.81
4701 64433.63
4702 0.00
4703 56226.60
4704 69154.49
4705 63810.91
4706 90976.49
4707 23378.75
4708 92943.16
4709 75276.82
4710 55084.51
4711 46205.59
4712 14058.13
4713 18599.88
4714 67982.18
4715 14824.62
4716 56355.58
4717 8698.12
4718 48840.87
4719 55957.35
4720 168464.14
4721 25032.42
4722 0.00
4723 3347.24
4724 47542.58
4725 65189.28
4726 101640.61
4727 138249.05
4728 0.00
4729 11180.43
4730 15109.01
4731 161181.09
4732 55624.03
4733 15480.63
4734 108955.25
4735 63282.10
4736 42656.52
4737 2435.30
4738 181439.50
4739 12941.47
4740 52615.86
4741 0.00
4742 23466.34
4743 10015.89
4744 122297.64
4745 11587.57
4746 0.00
4747 26029.56
4748 48554.24
4749 149783.35
4750 37984.87
4751 0.00
4752 73086.72
4753 113012.21
4754 63876.50
4755 15547.16
4756 57740.38
4757 1563.48
4758 37711.41
4759 48538.87
4760 0.00
4761 0.00
4762 35105.07
4763 1492.37
4764 32922.75
4765 25347.95
4766 80013.83
4767 64835.47
4768 3980.50
4769 26308.16
4770 1929.74
4771 61318.22
4772 0.00
4773 40588.46
4774 0.00
4775 35481.11
4776 118284.76
4777 1532.57
4778 82789.42
4779 21882.16
4780 54339.33
4781 0.00
4782 111204.15
4783 0.00
4784 45195.65
4785 0.00
4786 59909.14
4787 118351.94
4788 0.00
4789 112285.80
4790 27217.15
4791 40657.36
4792 90475.10
4793 0.00
4794 6950.86
4795 3225.54
4796 28874.30
4797 7901.12
4798 19123.84
4799 43893.96
4800 15652.99
4801 0.00
4802 63772.31
4803 169887.88
4804 114236.90
4805 7978.18
4806 45514.85
4807 0.00
4808 2510.58
4809 0.00
4810 20214.64
4811 0.00
4812 11658.96
4813 0.00
4814 144609.27
4815 68681.50
4816 92254.36
4817 9694.76
4818 29239.78
4819 53179.60
4820 0.00
4821 29798.94
4822 68914.34
4823 20964.12
4824 76135.31
4825 224658.52
4826 17371.96
4827 30675.62
4828 54991.87
4829 147247.05
4830 0.00
4831 45893.64
4832 78114.89
4833 21469.67
4834 49582.32
4835 0.00
4836 71429.24
4837 5996.30
4838 14127.17
4839 40155.39
4840 71263.03
4841 5674.10
4842 52642.70
4843 3980.00
4844 7643.16
4845 102484.07
4846 0.00
4847 39874.90
4848 0.00
4849 21566.59
4850 2982.92
4851 2958.12
4852 16736.80
4853 67551.61
4854 69116.21
4855 32744.07
4856 0.00
4857 31316.48
4858 20671.85
4859 130049.91
4860 48311.57
4861 195165.61
4862 189668.85
4863 33829.57
4864 0.00
4865 46194.71
4866 138675.26
4867 149024.36
4868 26151.21
4869 45881.14
4870 32009.39
4871 33394.43
4872 55551.95
4873 122019.88
4874 2326.30
4875 34316.77
4876 101432.29
4877 41961.52
4878 20452.41
4879 0.00
4880 25305.40
4881 37674.66
4882 72621.88
4883 2208.98
4884 93496.62
4885 1034.09
4886 188539.14
4887 3980.50
4888 60131.29
4889 10971.26
4890 192842.24
4891 23558.45
4892 158134.14
4893 6915.39
4894 128053.55
4895 13484.13
4896 13661.86
4897 21491.07
4898 143623.00
4899 27572.60
4900 99476.22
4901 11665.81
4902 0.00
4903 31852.26
4904 38145.08
4905 113919.12
4906 21497.87
4907 62423.15
4908 47676.02
4909 899.62
4910 100674.24
4911 43644.02
4912 0.00
4913 25832.80
4914 21682.99
4915 11136.30
4916 7832.49
4917 3980.00
4918 0.00
4919 34047.20
4920 55943.41
4921 0.00
4922 19139.16
4923 132769.90
4924 80691.01
4925 13405.64
4926 11122.71
4927 0.00
4928 0.00
4929 3403.62
4930 64423.69
4931 21272.84
4932 21140.93
4933 142675.58
4934 13254.43
4935 31856.50
4936 41015.87
4937 5799.34
4938 12454.44
4939 0.00
4940 7549.75
4941 27469.19
4942 101164.45
4943 0.00
4944 3171.57
4945 0.00
4946 33689.07
4947 80291.12
4948 18195.46
4949 30754.59
4950 53320.70
4951 32348.88
4952 37177.49
4953 202502.00
4954 16930.36
4955 101437.35
4956 19590.02
4957 0.00
4958 18381.96
4959 24573.77
4960 0.00
4961 13012.54
4962 70641.19
4963 16344.41
4964 0.00
4965 89731.53
4966 0.00
4967 4134.03
4968 36090.69
4969 0.00
4970 0.00
4971 0.00
4972 150152.13
4973 16445.15
4974 0.00
4975 15167.05
4976 32491.75
4977 28301.10
4978 86271.90
4979 20569.24
4980 89303.78
4981 55362.96
4982 8902.97
4983 78450.93
4984 144198.34
4985 132441.09
4986 242181.53
4987 138777.27
4988 17073.94
4989 29140.63
4990 0.00
4991 52002.73
4992 64283.53
4993 0.00
4994 7466.16
4995 63338.26
4996 58122.29
4997 142659.08
4998 44421.46
4999 19198.12
5000 0.00
5001 57628.26
5002 94013.36
5003 35439.26
5004 105096.70
5005 9766.67
5006 12139.54
5007 40046.55
5008 0.00
5009 20853.87
5010 16767.73
5011 102562.71
5012 3980.00
5013 30400.10
5014 35632.51
5015 79830.28
5016 183632.42
5017 8824.38
5018 61911.59
5019 4168.45
5020 121515.60
5021 91729.08
5022 0.00
5023 28377.48
5024 51358.73
5025 35114.36
5026 24792.85
5027 30426.01
5028 10785.73
5029 63387.30
5030 0.00
5031 54520.41
5032 25543.10
5033 28414.55
5034 14065.58
5035 50928.68
5036 4673.82
5037 33958.93
5038 116190.71
5039 56284.47
5040 2559.98
5041 44641.87
5042 167262.67
5043 79108.24
5044 30849.43
5045 0.00
5046 8730.39
5047 83190.72
5048 43945.49
5049 6972.99
5050 128668.26
5051 63500.32
5052 33746.84
5053 31424.66
5054 112587.81
5055 81302.12
5056 112018.78
5057 1621.50
5058 0.00
5059 84036.41
5060 202283.98
5061 9651.36
5062 3335.82
5063 131471.75
5064 47958.79
5065 0.00
5066 2323.19
5067 0.00
5068 1074.69
5069 39844.68
5070 16863.78
5071 0.00
5072 4372.58
5073 54539.81
5074 63148.49
5075 21472.41
5076 12460.93
5077 32496.92
5078 1266.31
5079 7164.41
5080 3980.00
5081 0.00
5082 44872.20
5083 6640.77
5084 62738.34
5085 27513.81
5086 0.00
5087 24997.32
5088 2807.20
5089 0.00
5090 46568.34
5091 1543.10
5092 61437.67
5093 0.00
5094 9916.23
5095 36785.21
5096 0.00
5097 81403.09
5098 28147.19
5099 56167.91
5100 30816.75
5101 12369.76
5102 14408.05
5103 13845.58
5104 58330.36
5105 102972.37
5106 37187.98
5107 0.00
5108 10345.60
5109 46838.41
5110 53187.17
5111 15474.73
5112 6817.47
5113 32082.20
5114 25387.43
5115 41314.52
5116 27542.59
5117 10595.09
5118 0.00
5119 13662.81
5120 31459.84
5121 10582.25
5122 39602.87
5123 54026.64
5124 50310.01
5125 6014.89
5126 15765.11
5127 0.00
5128 22149.99
5129 0.00
5130 0.00
5131 174225.28
5132 66923.77
5133 32888.37
5134 97673.51
5135 13317.93
5136 5730.48
5137 8673.99
5138 3703.51
5139 73434.68
5140 3203.04
5141 0.00
5142 25591.12
5143 54613.37
5144 9706.39
5145 53191.40
5146 259277.66
5147 50237.10
5148 55461.93
5149 83850.55
5150 52809.82
5151 87783.93
5152 80383.48
5153 96453.12
5154 90533.95
5155 13395.72
5156 18068.55
5157 0.00
5158 8889.47
5159 12241.39
5160 37928.58
5161 18758.07
5162 0.00
5163 26160.26
5164 7786.65
5165 16149.40
5166 15114.49
5167 121515.29
5168 75522.77
5169 132843.01
5170 43312.06
5171 50919.72
5172 3221.90
5173 49145.33
5174 0.00
5175 37315.11
5176 72295.51
5177 83017.12
5178 0.00
5179 6410.56
5180 103402.23
5181 14144.51
5182 59558.24
5183 0.00
5184 1792.41
5185 11298.14
5186 0.00
5187 74154.89
5188 8265.67
5189 85368.17
5190 87609.60
5191 44083.71
5192 0.00
5193 0.00
5194 3664.15
5195 43521.90
5196 129911.45
5197 0.00
5198 0.00
5199 29217.59
5200 1566.22
5201 38180.44
5202 38082.61
5203 130995.35
5204 0.00
5205 108060.68
5206 45058.50
5207 17608.39
5208 80131.18
5209 21266.34
5210 0.00
5211 0.00
5212 72224.56
5213 73232.76
5214 3810.53
5215 1343.01
5216 109878.06
5217 1919.10
5218 0.00
5219 70122.58
5220 38989.74
5221 24709.35
5222 97990.99
5223 48444.60
5224 87947.18
5225 33889.75
5226 0.00
5227 35300.90
5228 23479.26
5229 70957.28
5230 22266.42
5231 0.00
5232 86111.44
5233 0.00
5234 170263.92
5235 59775.58
5236 179523.18
5237 44704.19
5238 13013.72
5239 47228.99
5240 0.00
5241 0.00
5242 57226.58
5243 0.00
5244 25985.68
5245 0.00
5246 0.00
5247 25811.31
5248 35393.25
5249 0.00
5250 9458.00
5251 38233.64
5252 3877.36
5253 6363.75
5254 13818.00
5255 18070.05
5256 47222.73
5257 97023.47
5258 3980.00
5259 107768.63
5260 53203.25
5261 3980.00
5262 6352.39
5263 75693.52
5264 148572.09
5265 42020.58
5266 116566.52
5267 21823.16
5268 30490.79
5269 0.00
5270 48658.14
5271 0.00
5272 165588.94
5273 0.00
5274 115393.02
5275 90770.34
5276 0.00
5277 101024.39
5278 7290.11
5279 88302.38
5280 27629.23
5281 60204.60
5282 0.00
5283 206416.07
5284 76397.08
5285 13781.88
5286 39530.37
5287 156486.94
5288 141844.07
5289 0.00
5290 57739.77
5291 33581.18
5292 53617.96
5293 819.84
5294 10726.17
5295 45655.26
5296 19991.75
5297 110324.42
5298 16088.83
5299 0.00
5300 110633.85
5301 1570.23
5302 101649.08
5303 10575.73
5304 1663.32
5305 27711.48
5306 47510.62
5307 47766.93
5308 103637.56
5309 47718.24
5310 3980.00
5311 0.00
5312 20585.19
5313 39340.99
5314 52966.88
5315 9991.95
5316 96321.90
5317 0.00
5318 48893.85
5319 121380.75
5320 0.00
5321 114234.47
5322 91700.12
5323 57493.56
5324 20939.44
5325 33862.21
5326 8956.00
5327 911.39
5328 53163.96
5329 0.00
5330 1515.72
5331 36165.51
5332 104521.98
5333 51862.87
5334 0.00
5335 84547.20
5336 113365.07
5337 16793.13
5338 29513.25
5339 107933.27
5340 1471.96
5341 107415.17
5342 29863.37
5343 30021.91
5344 0.00
5345 60059.12
5346 41978.39
5347 104367.32
5348 16444.57
5349 35148.20
5350 118617.50
5351 13665.55
5352 143537.64
5353 110322.48
5354 136698.23
5355 11138.25
5356 137558.00
5357 9720.12
5358 8650.55
5359 45484.84
5360 8336.17
5361 33935.04
5362 36746.97
5363 19598.81
5364 19964.65
5365 0.00
5366 88610.34
5367 3981.00
5368 0.00
5369 781.77
5370 67306.69
5371 37122.88
5372 0.00
5373 145810.75
5374 25560.45
5375 29375.89
5376 41664.96
5377 0.00
5378 9672.55
5379 30730.14
5380 7486.22
5381 100282.68
5382 33059.86
5383 72153.54
5384 60031.75
5385 0.00
5386 65578.02
5387 18602.20
5388 0.00
5389 86122.69
5390 125426.82
5391 25686.02
5392 45917.03
5393 71149.89
5394 45587.43
5395 160569.82
5396 18911.47
5397 18632.97
5398 19252.20
5399 34777.53
5400 22395.99
5401 0.00
5402 12082.85
5403 0.00
5404 18322.13
5405 0.00
5406 12662.73
5407 16845.14
5408 92912.37
5409 37274.03
5410 45690.19
5411 31260.82
5412 51632.25
5413 40330.38
5414 1070.92
5415 9921.92
5416 64624.62
5417 16718.30
5418 25285.67
5419 131141.17
5420 33600.83
5421 17526.35
5422 8907.55
5423 118292.94
5424 106285.75
5425 75541.70
5426 31204.74
5427 81676.96
5428 0.00
5429 57483.27
5430 43644.70
5431 5236.15
5432 0.00
5433 8998.18
5434 3981.00
5435 3795.25
5436 49012.27
5437 124916.92
5438 24164.94
5439 35205.91
5440 191938.91
5441 0.00
5442 111398.56
5443 0.00
5444 53428.20
5445 2024.54
5446 61293.82
5447 25418.53
5448 0.00
5449 63992.85
5450 15018.37
5451 53759.53
5452 61.45
5453 9497.78
5454 48349.94
5455 90879.20
5456 31362.09
5457 70193.19
5458 0.00
5459 26982.26
5460 40322.78
5461 84799.62
5462 25741.40
5463 120777.96
5464 150695.13
5465 106707.61
5466 14683.73
5467 155228.06
5468 126387.42
5469 17746.48
5470 0.00
5471 2623.30
5472 137853.25
5473 28919.16
5474 71994.00
5475 71658.06
5476 8268.14
5477 214736.55
5478 45630.74
5479 25849.93
5480 100999.08
5481 28183.61
5482 0.00
5483 99779.27
5484 30959.77
5485 42835.33
5486 47377.73
5487 17195.61
5488 0.00
5489 1778.21
5490 120424.98
5491 175305.24
5492 0.00
5493 127364.44
5494 71939.79
5495 49786.20
5496 32176.79
5497 29975.11
5498 57885.43
5499 34117.62
5500 20597.15
5501 54726.80
5502 38467.04
5503 9056.89
5504 0.00
5505 59937.06
5506 13134.12
5507 33545.19
5508 7584.48
5509 10880.69
5510 0.00
5511 74755.98
5512 4328.02
5513 41167.00
5514 53394.74
5515 89889.49
5516 9271.11
5517 0.00
5518 114778.44
5519 23837.71
5520 0.00
5521 86403.98
5522 85917.41
5523 0.00
5524 20449.67
5525 0.00
5526 81312.66
5527 27771.20
5528 19145.07
5529 103901.22
5530 43361.56
5531 92290.35
5532 272248.52
5533 37121.09
5534 0.00
5535 131806.22
5536 47051.22
5537 150201.88
5538 148080.90
5539 5046.98
5540 30129.02
5541 25886.80
5542 25051.74
5543 26538.32
5544 27190.08
5545 3983.50
5546 688.99
5547 0.00
5548 63906.20
5549 89337.14
5550 45260.45
5551 43932.76
5552 68396.75
5553 0.00
5554 44298.15
5555 42649.38
5556 22651.22
5557 17916.65
5558 26317.62
5559 60041.60
5560 10801.96
5561 56338.47
5562 42123.07
5563 37630.56
5564 11468.39
5565 33746.20
5566 64510.80
5567 61647.86
5568 38142.45
5569 33098.44
5570 0.00
5571 45644.00
5572 73737.42
5573 10672.12
5574 56459.37
5575 3181.25
5576 60001.46
5577 69725.97
5578 41958.83
5579 0.00
5580 15131.48
5581 28922.59
5582 127480.98
5583 11131.37
5584 78227.01
5585 23595.96
5586 25374.30
5587 41291.27
5588 26931.01
5589 0.00
5590 133397.63
5591 0.00
5592 0.00
5593 0.00
5594 42938.25
5595 16373.95
5596 6482.64
5597 50778.88
5598 1903.45
5599 0.00
5600 55670.77
5601 2769.93
5602 44292.30
5603 65034.54
5604 3980.50
5605 74312.83
5606 0.00
5607 31076.45
5608 60356.06
5609 18705.94
5610 1285.10
5611 48291.50
5612 78112.74
5613 7832.61
5614 151412.97
5615 47086.87
5616 29794.63
5617 37414.86
5618 15206.58
5619 83331.19
5620 3980.50
5621 29650.18
5622 0.00
5623 578.67
5624 740.71
5625 93628.49
5626 74461.08
5627 100590.71
5628 93779.25
5629 36225.17
5630 0.00
5631 17548.68
5632 26785.67
5633 42880.21
5634 22128.97
5635 40489.58
5636 67218.22
5637 0.00
5638 0.00
5639 0.00
5640 1256.85
5641 0.00
5642 0.00
5643 0.00
5644 59389.22
5645 48260.14
5646 97180.40
5647 12255.19
5648 35226.84
5649 38034.53
5650 6337.79
5651 60185.59
5652 50691.40
5653 13222.95
5654 7828.04
5655 20751.99
5656 103054.98
5657 24869.27
5658 21504.27
5659 38908.96
5660 76238.04
5661 36991.85
5662 50025.45
5663 0.00
5664 48515.85
5665 92369.04
5666 38335.46
5667 23216.68
5668 154617.16
5669 72008.99
5670 72204.79
5671 1788.82
5672 56494.10
5673 24957.19
5674 779.88
5675 95660.96
5676 27773.10
5677 17111.07
5678 39540.66
5679 136348.24
5680 64955.72
5681 25572.45
5682 0.00
5683 31087.91
5684 59320.76
5685 186753.11
5686 6238.31
5687 614.83
5688 68373.81
5689 6988.64
5690 13748.08
5691 138831.70
5692 28282.68
5693 32039.41
5694 21373.91
5695 19432.19
5696 65522.31
5697 17963.21
5698 25525.14
5699 24695.49
5700 67370.72
5701 29939.00
5702 17560.74
5703 72189.24
5704 75190.01
5705 63193.44
5706 38237.15
5707 0.00
5708 50840.75
5709 23641.85
5710 199526.07
5711 103947.88
5712 17686.62
5713 0.00
5714 5727.20
5715 98335.24
5716 0.00
5717 154347.45
5718 61551.04
5719 78088.24
5720 3980.00
5721 67193.50
5722 62160.93
5723 72289.33
5724 29243.98
5725 132445.45
5726 18329.10
5727 62359.82
5728 58543.20
5729 52799.38
5730 9839.99
5731 0.00
5732 32875.28
5733 86702.41
5734 92361.55
5735 51040.81
5736 22237.96
5737 16064.50
5738 0.00
5739 0.00
5740 65363.73
5741 25406.51
5742 70883.52
5743 28208.07
5744 91288.56
5745 39203.00
5746 93965.51
5747 135325.72
5748 31715.99
5749 11912.71
5750 20506.60
5751 11972.84
5752 2087.32
5753 24636.00
5754 33985.19
5755 50670.65
5756 9493.51
5757 23049.08
5758 114411.37
5759 0.00
5760 2098.49
5761 17203.32
5762 22984.86
5763 7003.03
5764 38542.19
5765 90479.30
5766 232659.04
5767 0.00
5768 46619.75
5769 895.15
5770 24220.32
5771 26522.73
5772 34445.96
5773 53136.15
5774 109056.93
5775 76874.52
5776 160223.57
5777 0.00
5778 30650.45
5779 4097.65
5780 0.00
5781 125504.46
5782 2719.59
5783 20788.90
5784 54094.50
5785 31913.79
5786 43200.62
5787 90690.74
5788 57422.47
5789 9183.10
5790 29948.51
5791 94919.80
5792 6726.63
5793 0.00
5794 49233.63
5795 23717.52
5796 17298.75
5797 30399.18
5798 40077.98
5799 102379.01
5800 227593.33
5801 0.00
5802 135491.64
5803 14833.15
5804 13275.30
5805 3980.00
5806 13790.78
5807 31473.62
5808 36391.69
5809 38967.83
5810 65302.32
5811 63333.42
5812 61521.51
5813 39610.37
5814 12262.25
5815 34290.19
5816 17575.73
5817 96965.21
5818 4237.51
5819 40659.12
5820 6791.34
5821 47782.58
5822 0.00
5823 0.00
5824 27013.95
5825 77139.30
5826 41382.00
5827 139688.89
5828 0.00
5829 93641.79
5830 40638.17
5831 64343.24
5832 1989.01
5833 0.00
5834 41978.00
5835 34822.07
5836 2217.25
5837 0.00
5838 55493.87
5839 27394.55
5840 79715.95
5841 49129.43
5842 14407.67
5843 45856.29
5844 31619.74
5845 4439.65
5846 21896.42
5847 45656.63
5848 31841.86
5849 255019.86
5850 140430.18
5851 37509.13
5852 0.00
5853 35267.95
5854 77084.93
5855 41583.54
5856 0.00
5857 63558.58
5858 8275.60
5859 74046.48
5860 2921.49
5861 0.00
5862 67914.59
5863 9606.75
5864 106502.08
5865 1871.16
5866 0.00
5867 19176.67
5868 4932.90
5869 21731.98
5870 0.00
5871 100798.59
5872 67689.83
5873 0.00
5874 101238.14
5875 38290.37
5876 28953.37
5877 14171.69
5878 0.00
5879 57540.56
5880 39744.20
5881 69364.59
5882 12288.20
5883 3785.60
5884 17830.61
5885 40587.92
5886 21928.12
5887 1004.35
5888 0.00
5889 0.00
5890 43948.30
5891 79845.52
5892 948.87
5893 0.00
5894 4683.07
5895 0.00
5896 166695.64
5897 52318.10
5898 6590.26
5899 62550.64
5900 81849.16
5901 0.00
5902 0.00
5903 3980.00
5904 0.00
5905 153383.28
5906 61497.35
5907 3781.31
5908 7147.46
5909 25999.71
5910 28076.99
5911 97087.50
5912 0.00
5913 92760.93
5914 26208.72
5915 3981.00
5916 40573.51
5917 3010.16
5918 126466.67
5919 95129.95
5920 72161.09
5921 58479.32
5922 102192.94
5923 4139.64
5924 10603.42
5925 52713.99
5926 838.29
5927 0.00
5928 0.00
5929 21071.63
5930 119564.96
5931 34163.61
5932 0.00
5933 31595.95
5934 0.00
5935 98755.98
5936 49325.72
5937 51100.29
5938 2495.07
5939 5482.13
5940 0.00
5941 0.00
5942 72097.22
5943 2144.81
5944 1839.95
5945 4687.95
5946 40395.60
5947 28772.63
5948 92629.03
5949 35559.15
5950 5764.67
5951 172647.49
5952 33602.95
5953 50601.51
5954 25146.28
5955 0.00
5956 0.00
5957 41752.33
5958 212683.70
5959 28419.19
5960 68852.52
5961 7960.00
5962 134666.18
5963 97352.59
5964 0.00
5965 6305.90
5966 21616.98
5967 11119.66
5968 11485.07
5969 56064.27
5970 70864.82
5971 0.00
5972 0.00
5973 74146.31
5974 52444.71
5975 60757.04
5976 28606.04
5977 0.00
5978 10745.37
5979 32439.61
5980 54047.06
5981 8761.95
5982 21169.39
5983 134624.98
5984 129128.37
5985 111486.73
5986 10449.96
5987 0.00
5988 6519.57
5989 65509.24
5990 4254.54
5991 11918.59
5992 35073.73
5993 30764.27
5994 8744.83
5995 67347.59
5996 1832.37
5997 0.00
5998 231706.40
5999 108572.11
6000 60022.77
6001 50666.08
6002 73863.68
6003 79253.83
6004 18361.83
6005 2712.35
6006 0.00
6007 47376.83
6008 25709.49
6009 131687.81
6010 0.00
6011 20244.80
6012 130765.62
6013 718.18
6014 21983.86
6015 79641.55
6016 3082.63
6017 77695.59
6018 219862.83
6019 76769.71
6020 65956.40
6021 28117.06
6022 274752.70
6023 1304.73
6024 91841.81
6025 4779.99
6026 44885.88
6027 24466.79
6028 34212.98
6029 148135.56
6030 86118.08
6031 108725.07
6032 44175.87
6033 1273.66
6034 61727.47
6035 115833.25
6036 0.00
6037 57407.17
6038 0.00
6039 40415.00
6040 24895.55
6041 188.45
6042 2974.27
6043 43253.48
6044 3981.00
6045 65024.83
6046 69212.64
6047 77063.04
6048 34934.31
6049 108759.00
6050 0.00
6051 65473.56
6052 12909.46
6053 99346.13
6054 53002.65
6055 4766.18
6056 39127.60
6057 173694.80
6058 45440.68
6059 46488.04
6060 40796.99
6061 0.00
6062 33323.96
6063 137453.75
6064 37203.80
6065 6315.64
6066 0.00
6067 63264.77
6068 55927.23
6069 25321.27
6070 30049.28
6071 5721.87
6072 0.00
6073 43982.53
6074 11737.80
6075 0.00
6076 14686.63
6077 36036.93
6078 0.00
6079 3065.72
6080 111794.28
6081 36701.13
6082 65781.69
6083 15779.23
6084 47781.24
6085 197175.78
6086 0.00
6087 131215.39
6088 112928.99
6089 29536.63
6090 43509.70
6091 0.00
6092 48869.01
6093 12491.97
6094 48835.75
6095 62128.04
6096 112019.52
6097 53391.03
6098 33138.50
6099 32723.56
6100 1755.58
6101 104500.14
6102 23121.19
6103 10546.29
6104 63271.72
6105 171280.21
6106 79066.41
6107 0.00
6108 122143.50
6109 36006.49
6110 1616.11
6111 24663.32
6112 39632.65
6113 33823.10
6114 87416.41
6115 651.35
6116 2778.59
6117 11608.71
6118 39690.71
6119 0.00
6120 12603.63
6121 3519.81
6122 3491.60
6123 20758.25
6124 29002.72
6125 67946.45
6126 32027.29
6127 5948.51
6128 40361.92
6129 26814.34
6130 77751.05
6131 0.00
6132 18885.44
6133 216643.61
6134 0.00
6135 36089.86
6136 0.00
6137 18798.50
6138 48384.65
6139 95686.44
6140 65178.11
6141 33019.40
6142 0.00
6143 27527.63
6144 40747.47
6145 41846.56
6146 92669.66
6147 68472.84
6148 13153.01
6149 0.00
6150 143679.16
6151 0.00
6152 0.00
6153 119412.22
6154 50235.37
6155 107204.80
6156 104184.57
6157 107976.15
6158 54901.95
6159 59226.60
6160 67553.54
6161 8419.44
6162 3426.42
6163 112273.22
6164 27954.68
6165 16920.75
6166 31487.23
6167 98988.32
6168 96240.93
6169 0.00
6170 34390.86
6171 112144.46
6172 16519.24
6173 119790.06
6174 100218.22
6175 6209.93
6176 65060.95
6177 38603.11
6178 31692.24
6179 109176.85
6180 105986.29
6181 52150.55
6182 42068.64
6183 19727.92
6184 11799.21
6185 104660.00
6186 140300.04
6187 39320.10
6188 7960.00
6189 0.00
6190 70866.27
6191 30616.72
6192 118492.97
6193 56080.01
6194 103154.26
6195 133241.33
6196 70624.88
6197 0.00
6198 17168.62
6199 73049.58
6200 19123.35
6201 33240.14
6202 0.00
6203 81548.94
6204 104615.42
6205 0.00
6206 50912.53
6207 69968.22
6208 39923.56
6209 263943.58
6210 47584.94
6211 133392.00
6212 22578.97
6213 0.00
6214 116276.57
6215 199691.58
6216 70028.72
6217 73041.78
6218 2387.50
6219 55088.93
6220 85734.92
6221 49660.36
6222 0.00
6223 0.00
6224 15947.43
6225 0.00
6226 109563.47
6227 30943.71
6228 0.00
6229 0.00
6230 38320.39
6231 56423.81
6232 6494.19
6233 16138.27
6234 10738.42
6235 29810.25
6236 58041.09
6237 0.00
6238 10579.97
6239 29120.79
6240 39080.83
6241 25914.68
6242 60957.06
6243 28492.11
6244 51438.44
6245 11419.49
6246 7671.00
6247 13388.05
6248 29938.86
6249 97083.70
6250 0.00
6251 23536.28
6252 37456.05
6253 71947.35
6254 134598.25
6255 22748.15
6256 106855.33
6257 118065.23
6258 42122.87
6259 37845.28
6260 79194.72
6261 14605.77
6262 0.00
6263 219136.80
6264 0.00
6265 0.00
6266 108688.64
6267 92884.99
6268 80378.54
6269 132012.19
6270 164839.94
6271 607.56
6272 40743.90
6273 33795.25
6274 21684.92
6275 0.00
6276 13037.60
6277 3817.42
6278 19828.70
6279 0.00
6280 30263.98
6281 108590.18
6282 18336.53
6283 25218.85
6284 55779.14
6285 77850.45
6286 61485.65
6287 3712.10
6288 0.00
6289 2358.27
6290 1221.86
6291 16146.98
6292 151968.27
6293 19990.67
6294 3021.68
6295 154065.42
6296 116784.87
6297 1166.41
6298 51686.09
6299 482.74
6300 62488.76
6301 11400.93
6302 0.00
6303 0.00
6304 1865.71
6305 7804.69
6306 20294.55
6307 33300.86
6308 12381.98
6309 74923.78
6310 59683.65
6311 2099.09
6312 34280.12
6313 43165.34
6314 38730.36
6315 137476.11
6316 97841.35
6317 62136.04
6318 0.00
6319 30467.23
6320 4041.89
6321 65167.77
6322 69967.67
6323 15179.54
6324 66382.64
6325 88932.81
6326 46051.91
6327 33138.42
6328 6056.52
6329 27543.03
6330 20044.15
6331 82148.76
6332 56509.19
6333 80781.29
6334 22765.47
6335 55865.89
6336 21807.40
6337 0.00
6338 0.00
6339 7469.34
6340 8925.91
6341 59167.32
6342 60298.68
6343 32709.28
6344 12373.87
6345 79019.35
6346 0.00
6347 36649.50
6348 5316.82
6349 48731.18
6350 18740.79
6351 33138.79
6352 14072.04
6353 2540.25
6354 3970.83
6355 36819.02
6356 34031.47
6357 42168.37
6358 33856.72
6359 31803.51
6360 51633.52
6361 19075.17
6362 17123.96
6363 11756.65
6364 2964.76
6365 126643.51
6366 65123.22
6367 12745.54
6368 83102.67
6369 125279.76
6370 0.00
6371 14453.60
6372 9024.19
6373 9128.58
6374 0.00
6375 41489.49
6376 3980.00
6377 16712.46
6378 52177.37
6379 79305.80
6380 4716.20
6381 11724.40
6382 48835.89
6383 55929.04
6384 15193.41
6385 0.00
6386 7960.00
6387 0.00
6388 109511.96
6389 0.00
6390 43483.22
6391 5996.91
6392 0.00
6393 3754.29
6394 81512.45
6395 41978.10
6396 0.00
6397 139523.88
6398 138582.57
6399 242457.20
6400 62662.39
6401 10726.66
6402 67338.72
6403 24943.94
6404 938.36
6405 35193.54
6406 15172.24
6407 85186.37
6408 35916.96
6409 16348.90
6410 29879.88
6411 43184.51
6412 22283.78
6413 65120.00
6414 17635.33
6415 26100.53
6416 172369.92
6417 23566.10
6418 35283.78
6419 9523.87
6420 181465.60
6421 18657.80
6422 12984.20
6423 41720.27
6424 130868.07
6425 52109.26
6426 4335.79
6427 0.00
6428 8228.41
6429 22910.83
6430 58092.23
6431 0.00
6432 0.00
6433 14154.62
6434 94589.34
6435 1257.58
6436 0.00
6437 7337.29
6438 9833.73
6439 2755.69
6440 3021.22
6441 18916.22
6442 0.00
6443 22599.87
6444 0.00
6445 67267.24
6446 4148.30
6447 27817.30
6448 15829.01
6449 46826.60
6450 29406.88
6451 0.00
6452 6504.05
6453 0.00
6454 43733.38
6455 21595.31
6456 61120.50
6457 0.00
6458 12630.06
6459 50616.29
6460 0.00
6461 76855.52
6462 50506.06
6463 40070.58
6464 39284.09
6465 178450.99
6466 0.00
6467 17675.42
6468 30675.69
6469 113019.32
6470 145608.18
6471 12558.54
6472 65126.11
6473 111774.07
6474 31959.27
6475 44776.39
6476 10645.40
6477 0.00
6478 111955.65
6479 0.00
6480 3983.43
6481 145576.69
6482 15628.13
6483 83481.80
6484 13982.51
6485 41190.46
6486 207861.30
6487 17233.98
6488 50102.76
6489 0.00
6490 0.00
6491 60492.22
6492 2685.79
6493 0.00
6494 66165.57
6495 75101.74
6496 25967.32
6497 52934.22
6498 219857.79
6499 0.00
6500 169554.78
6501 164010.89
6502 53446.59
6503 69780.99
6504 69651.98
6505 36582.92
6506 12325.14
6507 12319.48
6508 58721.33
6509 0.00
6510 138236.31
6511 82798.97
6512 5726.19
6513 123071.54
6514 89398.54
6515 11193.43
6516 0.00
6517 1277.68
6518 51099.40
6519 18219.08
6520 0.00
6521 31336.87
6522 11583.63
6523 13513.51
6524 154680.44
6525 1029.51
6526 0.00
6527 19661.66
6528 28459.85
6529 44116.39
6530 47407.81
6531 8632.71
6532 129541.35
6533 197156.09
6534 15851.61
6535 33800.97
6536 69898.58
6537 39550.39
6538 0.00
6539 93714.70
6540 16549.13
6541 86729.93
6542 37516.74
6543 35530.62
6544 0.00
6545 157237.31
6546 29369.19
6547 14781.73
6548 99033.27
6549 15288.58
6550 45254.75
6551 44993.62
6552 3827.73
6553 111153.74
6554 89739.39
6555 0.00
6556 69869.02
6557 52108.75
6558 41677.53
6559 26720.17
6560 3980.00
6561 10151.54
6562 46443.18
6563 49158.53
6564 60184.32
6565 1256.01
6566 72521.60
6567 98381.22
6568 14268.43
6569 80782.96
6570 0.00
6571 7223.18
6572 238978.08
6573 27975.18
6574 20525.37
6575 132738.89
6576 9651.91
6577 3980.00
6578 0.00
6579 57567.81
6580 0.00
6581 35456.07
6582 76529.21
6583 11991.28
6584 1822.97
6585 23742.03
6586 84958.47
6587 22821.86
6588 29249.73
6589 5040.49
6590 4213.87
6591 97685.88
6592 30538.23
6593 46016.19
6594 13218.64
6595 1296.25
6596 38358.27
6597 55714.99
6598 56963.41
6599 61287.57
6600 55122.31
6601 43525.84
6602 30772.63
6603 25821.34
6604 12508.89
6605 51930.84
6606 21416.69
6607 2441.48
6608 48495.61
6609 21800.50
6610 122323.24
6611 136276.31
6612 0.00
6613 14960.84
6614 70974.07
6615 150609.17
6616 0.00
6617 41558.18
6618 95728.19
6619 39887.31
6620 124157.77
6621 28653.63
6622 38614.20
6623 44185.92
6624 26252.26
6625 0.00
6626 39955.60
6627 18730.60
6628 188821.28
6629 75609.71
6630 47798.47
6631 115650.49
6632 55548.58
6633 51100.61
6634 120363.36
6635 70172.18
6636 56593.55
6637 0.00
6638 13805.39
6639 16188.56
6640 81556.83
6641 24064.10
6642 95274.25
6643 95256.42
6644 34719.61
6645 28870.35
6646 28731.48
6647 73138.95
6648 0.00
6649 6875.93
6650 32271.63
6651 131443.23
6652 128468.22
6653 21033.39
6654 0.00
6655 92761.68
6656 0.00
6657 106618.50
6658 56456.20
6659 120581.13
6660 53444.49
6661 0.00
6662 58397.32
6663 12314.67
6664 0.00
6665 21813.02
6666 0.00
6667 19461.55
6668 77351.87
6669 14186.58
6670 2737.09
6671 27815.55
6672 54464.56
6673 76561.14
6674 51321.42
6675 192950.84
6676 31820.91
6677 0.00
6678 9857.24
6679 13444.38
6680 31034.75
6681 95142.08
6682 43888.24
6683 60003.05
6684 36877.92
6685 201547.19
6686 77838.59
6687 25594.35
6688 26354.98
6689 79648.31
6690 1961.38
6691 42659.43
6692 11741.57
6693 24608.73
6694 73969.20
6695 83157.30
6696 28538.19
6697 13746.68
6698 25489.09
6699 54360.38
6700 58451.86
6701 12151.77
6702 71093.52
6703 34681.87
6704 48305.23
6705 59560.82
6706 0.00
6707 18829.52
6708 47425.36
6709 52331.94
6710 178546.62
6711 82944.94
6712 59282.82
6713 1301.85
6714 32345.70
6715 0.00
6716 40217.28
6717 92575.57
6718 37602.34
6719 13870.83
6720 3253.25
6721 37699.24
6722 0.00
6723 2278.22
6724 28764.60
6725 76159.65
6726 43008.95
6727 65870.95
6728 116681.35
6729 37685.36
6730 66101.07
6731 19600.64
6732 125101.01
6733 140890.73
6734 23532.68
6735 12760.36
6736 102932.61
6737 94534.35
6738 64415.76
6739 114364.74
6740 12340.38
6741 77551.84
6742 82031.78
6743 144912.51
6744 132011.53
6745 3980.00
6746 88140.85
6747 20462.41
6748 1397.48
6749 74147.14
6750 88377.91
6751 73279.39
6752 91646.20
6753 10618.94
6754 34232.11
6755 71790.03
6756 113857.46
6757 1600.25
6758 31319.54
6759 74691.53
6760 29759.80
6761 19535.64
6762 37027.75
6763 174649.46
6764 23010.65
6765 173920.83
6766 106698.14
6767 34924.59
6768 32996.85
6769 80107.84
6770 17856.44
6771 18703.48
6772 54052.22
6773 35514.54
6774 23029.24
6775 87323.38
6776 10752.80
6777 8316.48
6778 5558.28
6779 0.00
6780 0.00
6781 48914.16
6782 36646.13
6783 48696.02
6784 16290.09
6785 100477.26
6786 30935.96
6787 6657.93
6788 196920.60
6789 15593.44
6790 19668.44
6791 33737.74
6792 0.00
6793 34720.03
6794 2718.20
6795 7529.41
6796 50843.73
6797 0.00
6798 117987.78
6799 71469.05
6800 123015.39
6801 36837.85
6802 7410.89
6803 32372.99
6804 0.00
6805 891.54
6806 0.00
6807 0.00
6808 75272.39
6809 64479.65
6810 0.00
6811 59487.37
6812 0.00
6813 10186.02
6814 66841.87
6815 115709.26
6816 0.00
6817 2478.63
6818 28023.47
6819 56815.12
6820 30119.95
6821 41037.70
6822 1122.27
6823 42410.26
6824 0.00
6825 145879.61
6826 67674.56
6827 57553.18
6828 26709.49
6829 28918.69
6830 8850.90
6831 44060.42
6832 27006.16
6833 17382.13
6834 10934.67
6835 27443.41
6836 163645.06
6837 18515.64
6838 54174.38
6839 24660.65
6840 15260.92
6841 37471.83
6842 18008.26
6843 39635.87
6844 50634.38
6845 12698.52
6846 63374.08
6847 45522.76
6848 6331.84
6849 330.42
6850 81623.37
6851 9215.88
6852 12448.54
6853 74028.55
6854 16570.24
6855 66821.23
6856 56686.01
6857 41496.89
6858 107475.25
6859 0.00
6860 62620.49
6861 11678.52
6862 32571.81
6863 63554.91
6864 32378.86
6865 0.00
6866 66722.04
6867 0.00
6868 188184.26
6869 41362.60
6870 13994.13
6871 28576.78
6872 32121.69
6873 54405.59
6874 19928.09
6875 261774.50
6876 9619.76
6877 91029.12
6878 32146.11
6879 51847.05
6880 36642.90
6881 81757.92
6882 7131.19
6883 19869.86
6884 26215.54
6885 144699.76
6886 77650.33
6887 43048.93
6888 97968.32
6889 26391.58
6890 1491.24
6891 5829.71
6892 28872.85
6893 0.00
6894 14406.72
6895 33764.93
6896 20433.09
6897 0.00
6898 57303.52
6899 245339.21
6900 147460.47
6901 26455.33
6902 31713.71
6903 76078.30
6904 125660.81
6905 171018.50
6906 41421.31
6907 8470.19
6908 3053.19
6909 3607.66
6910 2616.21
6911 0.00
6912 44636.31
6913 145519.01
6914 0.00
6915 916.18
6916 41514.53
6917 0.00
6918 21829.23
6919 10246.76
6920 5999.10
6921 16366.44
6922 74790.31
6923 67362.59
6924 0.00
6925 27404.48
6926 116015.30
6927 53078.31
6928 82455.19
6929 57745.59
6930 101183.18
6931 1458.69
6932 11380.66
6933 0.00
6934 17044.05
6935 0.00
6936 24206.69
6937 0.00
6938 38979.76
6939 16482.87
6940 70136.21
6941 25636.29
6942 94408.18
6943 83605.44
6944 218127.82
6945 27391.41
6946 76229.35
6947 27396.38
6948 102874.00
6949 51423.30
6950 51798.88
6951 63879.14
6952 0.00
6953 70849.20
6954 146865.55
6955 44956.67
6956 49231.08
6957 4391.64
6958 6706.46
6959 18728.12
6960 43393.77
6961 6054.79
6962 0.00
6963 12091.36
6964 0.00
6965 125311.04
6966 21258.09
6967 32412.22
6968 182453.76
6969 44205.92
6970 0.00
6971 57152.44
6972 77786.53
6973 197992.37
6974 12186.15
6975 110707.17
6976 19130.11
6977 0.00
6978 88085.08
6979 94883.17
6980 31786.67
6981 25598.86
6982 47627.30
6983 62648.15
6984 66758.42
6985 63069.27
6986 60066.39
6987 27712.27
6988 24626.22
6989 25710.92
6990 79603.94
6991 39237.76
6992 21336.00
6993 3980.00
6994 72692.67
6995 18990.64
6996 29529.89
6997 54122.27
6998 21861.54
6999 0.00
7000 12970.40
7001 115640.74
7002 32168.03
7003 71553.41
7004 70902.43
7005 0.00
7006 60771.96
7007 8466.88
7008 16719.00
7009 1070.07
7010 132669.00
7011 65233.79
7012 98516.69
7013 0.00
7014 96397.85
7015 59041.49
7016 0.00
7017 7648.03
7018 0.00
7019 40489.23
7020 165567.23
7021 55174.98
7022 79829.66
7023 82234.84
7024 110996.17
7025 70374.92
7026 55236.81
7027 55794.63
7028 108305.59
7029 3883.58
7030 64706.98
7031 50573.94
7032 201480.58
7033 101165.60
7034 43342.31
7035 4137.01
7036 0.00
7037 210117.93
7038 67942.94
7039 71924.52
7040 0.00
7041 33657.38
7042 4195.19
7043 7457.79
7044 7298.18
7045 68652.86
7046 67525.21
7047 141642.07
7048 38062.39
7049 27474.22
7050 62339.87
7051 20217.98
7052 0.00
7053 0.00
7054 46461.09
7055 0.00
7056 51800.67
7057 83539.93
7058 0.00
7059 36464.01
7060 0.00
7061 0.00
7062 57240.87
7063 44992.38
7064 29615.98
7065 0.00
7066 8176.83
7067 101324.40
7068 17298.43
7069 71769.07
7070 68121.24
7071 0.00
7072 65702.28
7073 18171.90
7074 64552.99
7075 0.00
7076 0.00
7077 0.00
7078 42690.21
7079 1906.56
7080 9219.83
7081 1930.78
7082 42193.96
7083 113029.15
7084 31352.90
7085 86867.27
7086 119240.50
7087 100969.70
7088 74431.76
7089 21357.71
7090 91175.91
7091 21864.83
7092 26181.05
7093 71710.51
7094 3895.56
7095 48972.69
7096 9524.09
7097 0.00
7098 15701.87
7099 74226.05
7100 0.00
7101 7480.90
7102 67576.61
7103 42595.04
7104 19761.73
7105 40767.47
7106 23472.80
7107 46885.48
7108 15833.91
7109 214981.02
7110 7623.49
7111 66092.17
7112 24863.08
7113 80185.73
7114 63145.48
7115 38502.62
7116 18208.72
7117 131796.54
7118 48961.26
7119 76662.30
7120 15484.86
7121 42512.43
7122 87467.53
7123 0.00
7124 21832.11
7125 56521.32
7126 8852.79
7127 49967.87
7128 26331.25
7129 55862.90
7130 61116.58
7131 0.00
7132 238188.79
7133 0.00
7134 38310.46
7135 18957.80
7136 22443.92
7137 45885.27
7138 18617.12
7139 66812.57
7140 2393.22
7141 71053.48
7142 132548.74
7143 34104.63
7144 19937.86
7145 36556.49
7146 51206.86
7147 15590.40
7148 51062.33
7149 82552.32
7150 58670.57
7151 27715.67
7152 0.00
7153 49981.21
7154 1068.24
7155 0.00
7156 8967.77
7157 121263.78
7158 22953.68
7159 0.00
7160 4266.03
7161 50369.61
7162 75626.15
7163 0.00
7164 60919.13
7165 138884.35
7166 18309.56
7167 51490.67
7168 78961.26
7169 158463.77
7170 0.00
7171 3488.21
7172 60081.55
7173 25502.17
7174 21802.04
7175 9390.85
7176 200551.16
7177 9932.44
7178 28142.88
7179 4656.17
7180 13645.10
7181 130043.84
7182 0.00
7183 0.00
7184 0.00
7185 50454.86
7186 0.00
7187 40105.27
7188 4962.16
7189 50982.06
7190 162299.53
7191 336128.94
7192 0.00
7193 7594.75
7194 58160.51
7195 69514.33
7196 113096.67
7197 24500.80
7198 78973.75
7199 64735.20
7200 0.00
7201 0.00
7202 83900.23
7203 25724.63
7204 20775.49
7205 57370.52
7206 11827.44
7207 4877.54
7208 61831.23
7209 105946.75
7210 67841.23
7211 48395.16
7212 21830.24
7213 45740.45
7214 51637.70
7215 108147.62
7216 17228.31
7217 64302.07
7218 134305.02
7219 2480.89
7220 59209.09
7221 80752.07
7222 9023.77
7223 128737.36
7224 73551.34
7225 96975.60
7226 33252.64
7227 21778.25
7228 51498.12
7229 0.00
7230 75100.32
7231 50854.97
7232 0.00
7233 27799.98
7234 0.00
7235 0.00
7236 7075.09
7237 0.00
7238 74741.59
7239 41689.82
7240 668.45
7241 0.00
7242 0.00
7243 0.00
7244 175930.76
7245 5835.24
7246 117213.24
7247 24149.10
7248 5499.31
7249 24111.22
7250 24549.99
7251 49086.43
7252 44137.86
7253 112580.16
7254 3980.00
7255 0.00
7256 0.00
7257 90965.05
7258 21846.10
7259 0.00
7260 27059.78
7261 13207.81
7262 12718.73
7263 5432.04
7264 5867.66
7265 118600.89
7266 114542.19
7267 0.00
7268 14928.43
7269 0.00
7270 37075.10
7271 11682.11
7272 26042.75
7273 39699.93
7274 49477.54
7275 6671.00
7276 80562.51
7277 0.00
7278 26077.46
7279 18965.10
7280 138674.62
7281 126390.64
7282 17972.68
7283 36858.97
7284 109807.61
7285 20496.96
7286 23585.33
7287 57898.88
7288 107456.45
7289 0.00
7290 83255.19
7291 0.00
7292 7230.66
7293 2203.49
7294 33231.28
7295 0.00
7296 145243.66
7297 37252.87
7298 72833.22
7299 60245.69
7300 48806.16
7301 15324.41
7302 19161.26
7303 68008.07
7304 48681.41
7305 105984.00
7306 41117.56
7307 73682.92
7308 17695.24
7309 138759.13
7310 34697.28
7311 11216.46
7312 64527.09
7313 62564.94
7314 45858.00
7315 20741.17
7316 0.00
7317 118933.86
7318 0.00
7319 25946.22
7320 51119.30
7321 22760.48
7322 112666.72
7323 95831.62
7324 23937.19
7325 307167.97
7326 8105.07
7327 29670.93
7328 415.41
7329 136711.48
7330 157715.15
7331 0.00
7332 2114.73
7333 11507.96
7334 1078.53
7335 72230.38
7336 15756.64
7337 130349.46
7338 1201.08
7339 90188.81
7340 34706.39
7341 32699.62
7342 18204.62
7343 0.00
7344 257344.29
7345 92124.71
7346 43183.88
7347 19081.27
7348 20723.17
7349 66441.97
7350 23466.97
7351 4413.28
7352 55132.41
7353 94547.45
7354 80174.05
7355 1062.69
7356 0.00
7357 18256.49
7358 53273.72
7359 31935.80
7360 4501.49
7361 55265.13
7362 63211.20
7363 20172.73
7364 50298.29
7365 29498.89
7366 46920.71
7367 927.33
7368 7961.00
7369 89210.10
7370 0.00
7371 21971.02
7372 0.00
7373 68707.29
7374 36579.21
7375 27249.48
7376 18819.88
7377 18191.70
7378 143875.54
7379 199444.48
7380 75241.63
7381 1755.62
7382 98509.75
7383 18122.22
7384 54417.11
7385 56926.82
7386 33340.15
7387 32183.61
7388 46321.55
7389 0.00
7390 19904.23
7391 101717.44
7392 24014.79
7393 49375.76
7394 0.00
7395 4946.59
7396 103787.62
7397 79840.49
7398 65453.46
7399 14390.90
7400 38495.07
7401 9657.75
7402 37316.17
7403 25092.11
7404 33713.10
7405 12715.67
7406 0.00
7407 0.00
7408 30309.89
7409 78117.14
7410 156559.37
7411 0.00
7412 19106.98
7413 15556.30
7414 0.00
7415 100053.27
7416 51705.47
7417 2601.94
7418 0.00
7419 10665.40
7420 48325.22
7421 35873.07
7422 35127.98
7423 108595.28
7424 2463.32
7425 36001.43
7426 102217.33
7427 165482.26
7428 4421.97
7429 136366.56
7430 180274.21
7431 187895.43
7432 221453.46
7433 27369.88
7434 55374.36
7435 15324.57
7436 42692.94
7437 0.00
7438 10147.23
7439 0.00
7440 1702.76
7441 47146.79
7442 16003.13
7443 26252.32
7444 38869.54
7445 45281.67
7446 39416.87
7447 25705.01
7448 171563.87
7449 0.00
7450 5826.32
7451 66200.53
7452 56544.27
7453 0.00
7454 0.00
7455 29758.52
7456 14967.67
7457 119203.07
7458 101612.11
7459 13617.24
7460 96443.49
7461 22960.66
7462 22237.23
7463 0.00
7464 71994.07
7465 16766.56
7466 29543.53
7467 39194.82
7468 0.00
7469 0.00
7470 47957.98
7471 0.00
7472 16158.98
7473 29051.93
7474 32070.88
7475 67308.40
7476 46549.17
7477 86462.67
7478 71896.47
7479 3964.49
7480 1186.32
7481 0.00
7482 25004.75
7483 21679.88
7484 106698.17
7485 15046.54
7486 2853.18
7487 49828.23
7488 0.00
7489 51081.82
7490 85780.91
7491 0.00
7492 40417.12
7493 0.00
7494 134201.19
7495 29839.62
7496 70194.07
7497 99332.83
7498 29702.38
7499 86862.76
7500 14397.38
7501 82462.03
7502 204420.91
7503 2068.28
7504 14738.10
7505 7109.88
7506 37161.25
7507 0.00
7508 35728.82
7509 9886.62
7510 34816.20
7511 14964.85
7512 63347.53
7513 24783.82
7514 146885.51
7515 176468.88
7516 81963.72
7517 54723.91
7518 43841.92
7519 0.00
7520 7720.55
7521 172729.24
7522 0.00
7523 3981.00
7524 118664.38
7525 15625.77
7526 0.00
7527 16602.56
7528 76980.67
7529 39859.95
7530 587.25
7531 0.00
7532 0.00
7533 30420.87
7534 5276.68
7535 139535.56
7536 72051.92
7537 99730.08
7538 46993.66
7539 118783.84
7540 3159.90
7541 57662.58
7542 4841.12
7543 0.00
7544 130446.86
7545 90621.18
7546 20130.14
7547 56633.35
7548 16505.61
7549 20233.96
7550 176232.26
7551 16936.76
7552 38064.01
7553 28791.20
7554 20230.94
7555 15766.23
7556 105725.52
7557 24554.89
7558 0.00
7559 82126.12
7560 15679.70
7561 23740.55
7562 9670.55
7563 7704.27
7564 0.00
7565 33328.93
7566 38150.22
7567 53723.59
7568 17615.42
7569 18849.40
7570 27681.75
7571 43100.71
7572 76779.60
7573 19872.36
7574 48847.36
7575 45066.02
7576 52333.86
7577 32233.57
7578 59133.27
7579 12680.65
7580 49090.74
7581 67712.74
7582 9564.89
7583 65810.78
7584 0.00
7585 49308.59
7586 0.00
7587 61746.52
7588 70637.26
7589 0.00
7590 0.00
7591 82810.45
7592 20661.25
7593 19567.99
7594 1496.20
7595 0.00
7596 52073.24
7597 160449.61
7598 45537.02
7599 0.00
7600 3980.00
7601 52264.15
7602 39791.29
7603 69947.35
7604 185934.63
7605 94021.79
7606 38827.00
7607 15231.00
7608 36673.07
7609 64445.85
7610 10639.76
7611 65335.00
7612 12866.37
7613 0.00
7614 1843.16
7615 136823.42
7616 40334.80
7617 85185.94
7618 0.00
7619 77340.42
7620 94652.73
7621 8917.41
7622 16491.33
7623 86259.44
7624 43143.07
7625 17103.54
7626 3980.00
7627 15982.80
7628 59338.39
7629 140642.78
7630 77605.22
7631 0.00
7632 78160.51
7633 17361.56
7634 52905.41
7635 37299.78
7636 28987.63
7637 45222.11
7638 27304.39
7639 27623.93
7640 37918.82
7641 45850.09
7642 15687.11
7643 42624.09
7644 34127.65
7645 70409.64
7646 13944.85
7647 95968.41
7648 7761.68
7649 31369.26
7650 55709.82
7651 34691.07
7652 60690.32
7653 48293.38
7654 23878.25
7655 6910.62
7656 86280.45
7657 0.00
7658 169115.86
7659 4419.35
7660 57021.09
7661 92303.03
7662 39437.61
7663 90709.08
7664 12347.65
7665 0.00
7666 79336.12
7667 1681.50
7668 52693.28
7669 115821.84
7670 94111.29
7671 48288.59
7672 3634.21
7673 21417.04
7674 23868.30
7675 101149.32
7676 138991.65
7677 54307.85
7678 0.00
7679 24754.20
7680 26244.33
7681 7892.72
7682 0.00
7683 38608.19
7684 71471.23
7685 0.00
7686 30264.19
7687 0.00
7688 0.00
7689 67614.84
7690 0.00
7691 34647.57
7692 0.00
7693 73457.59
7694 28264.13
7695 0.00
7696 132745.92
7697 79874.71
7698 0.00
7699 75751.79
7700 131966.59
7701 0.00
7702 1273.99
7703 98423.08
7704 20925.36
7705 111186.42
7706 4567.23
7707 75219.91
7708 48990.81
7709 170273.57
7710 38392.01
7711 44709.02
7712 43551.67
7713 30548.43
7714 41976.63
7715 12783.13
7716 19038.27
7717 69183.18
7718 0.00
7719 129918.31
7720 0.00
7721 17198.40
7722 110483.66
7723 67199.81
7724 81303.18
7725 48686.26
7726 27793.59
7727 30199.70
7728 47247.59
7729 36272.31
7730 53070.13
7731 39686.32
7732 36696.66
7733 0.00
7734 4542.11
7735 34631.36
7736 39105.64
7737 104677.98
7738 673.62
7739 92407.50
7740 22562.13
7741 62359.61
7742 14491.86
7743 0.00
7744 16089.51
7745 102619.06
7746 67166.56
7747 26934.68
7748 20766.95
7749 66819.25
7750 41354.30
7751 24709.16
7752 62979.31
7753 0.00
7754 30458.20
7755 60129.66
7756 31581.88
7757 14507.82
7758 26366.79
7759 118884.75
7760 48432.23
7761 36941.43
7762 47396.06
7763 57785.98
7764 63295.10
7765 46425.01
7766 59216.27
7767 80189.52
7768 18481.97
7769 0.00
7770 16798.10
7771 11013.77
7772 9508.50
7773 2521.27
7774 34758.56
7775 9503.73
7776 89542.24
7777 90084.93
7778 0.00
7779 118801.40
7780 62790.08
7781 15284.67
7782 7784.75
7783 17485.77
7784 119265.85
7785 18129.06
7786 0.00
7787 22623.27
7788 103898.97
7789 152359.46
7790 10532.26
7791 13487.78
7792 12800.97
7793 137020.62
7794 28875.44
7795 73711.06
7796 19070.57
7797 17901.96
7798 1531.02
7799 38269.94
7800 45362.12
7801 30839.47
7802 8604.95
7803 0.00
7804 9139.12
7805 19657.13
7806 21894.21
7807 36871.49
7808 3980.50
7809 25105.49
7810 0.00
7811 1950.89
7812 66559.82
7813 2760.99
7814 6607.83
7815 22381.07
7816 220885.59
7817 117756.46
7818 20958.04
7819 0.00
7820 11747.29
7821 0.00
7822 86914.64
7823 29444.90
7824 77793.79
7825 14769.76
7826 48605.16
7827 22632.30
7828 122171.44
7829 55167.17
7830 118499.59
7831 30085.89
7832 20649.23
7833 49722.74
7834 0.00
7835 76226.53
7836 146188.29
7837 38091.09
7838 88090.91
7839 0.00
7840 0.00
7841 39277.66
7842 135568.94
7843 109496.02
7844 42198.28
7845 33944.91
7846 80826.27
7847 37790.66
7848 116369.89
7849 8476.46
7850 43278.81
7851 51485.13
7852 77452.06
7853 0.00
7854 59295.22
7855 11161.33
7856 0.00
7857 12763.10
7858 36585.04
7859 55436.39
7860 91248.90
7861 61826.70
7862 15792.38
7863 46234.79
7864 2027.13
7865 0.00
7866 15524.85
7867 18747.45
7868 7281.18
7869 5015.24
7870 124815.76
7871 12291.64
7872 12745.83
7873 27414.39
7874 34923.70
7875 3980.00
7876 104750.67
7877 31153.28
7878 23635.48
7879 80284.61
7880 6835.67
7881 0.00
7882 75793.12
7883 0.00
7884 46587.11
7885 45242.28
7886 49754.32
7887 0.00
7888 2238.96
7889 0.00
7890 88483.04
7891 29023.33
7892 35442.42
7893 21303.10
7894 51476.68
7895 13864.82
7896 97975.25
7897 74523.98
7898 49074.80
7899 0.00
7900 72650.95
7901 46538.30
7902 56096.15
7903 24001.13
7904 29159.00
7905 61149.81
7906 15412.06
7907 56974.16
7908 7811.63
7909 0.00
7910 0.00
7911 68633.07
7912 30611.22
7913 22226.79
7914 90347.98
7915 20440.82
7916 133369.42
7917 0.00
7918 36517.69
7919 43903.80
7920 12408.49
7921 1617.05
7922 53630.49
7923 47300.06
7924 60428.11
7925 51636.29
7926 43581.14
7927 166248.50
7928 37426.52
7929 41563.83
7930 32633.22
7931 53505.11
7932 28917.41
7933 2748.94
7934 19047.48
7935 6239.97
7936 0.00
7937 77048.57
7938 0.00
7939 205666.36
7940 43251.91
7941 36738.93
7942 58137.28
7943 63635.72
7944 46792.94
7945 13828.96
7946 19591.94
7947 1399.42
7948 11257.84
7949 169584.52
7950 148657.34
7951 0.00
7952 87789.77
7953 44242.51
7954 0.00
7955 69627.80
7956 34022.89
7957 102541.42
7958 31834.98
7959 0.00
7960 197550.33
7961 21763.99
7962 0.00
7963 21128.91
7964 8474.41
7965 29264.29
7966 102878.97
7967 126933.64
7968 76629.50
7969 44061.44
7970 79372.32
7971 17263.01
7972 0.00
7973 72492.32
7974 15812.73
7975 6216.96
7976 36565.25
7977 217072.22
7978 57990.33
7979 5841.00
7980 20780.01
7981 97601.64
7982 27792.58
7983 22987.00
7984 260372.81
7985 50620.05
7986 35129.39
7987 116177.28
7988 11435.05
7989 36605.57
7990 71619.58
7991 62214.30
7992 149157.25
7993 21926.43
7994 16207.41
7995 55047.92
7996 46021.39
7997 0.00
7998 87632.56
7999 12512.16
8000 5921.09
8001 35830.39
8002 98613.80
8003 20868.43
8004 15158.75
8005 72772.81
8006 42044.71
8007 2276.84
8008 53559.41
8009 36995.24
8010 0.00
8011 35602.25
8012 29866.36
8013 0.00
8014 40246.77
8015 24559.73
8016 0.00
8017 26184.63
8018 44100.23
8019 83708.76
8020 34570.11
8021 44113.43
8022 43796.61
8023 38108.82
8024 15828.05
8025 155602.87
8026 28026.14
8027 30785.41
8028 0.00
8029 0.00
8030 91182.80
8031 90954.23
8032 91366.10
8033 65692.68
8034 53783.57
8035 1555.15
8036 41900.69
8037 55722.19
8038 73505.86
8039 125640.21
8040 0.00
8041 38825.81
8042 19387.26
8043 133555.71
8044 25990.17
8045 0.00
8046 75416.72
8047 20194.58
8048 210.33
8049 8622.47
8050 54767.47
8051 0.00
8052 0.00
8053 109922.25
8054 5663.52
8055 37629.21
8056 24371.27
8057 60801.06
8058 49433.79
8059 9210.46
8060 11867.49
8061 0.00
8062 16243.81
8063 81209.48
8064 114838.26
8065 89982.84
8066 92021.50
8067 4623.23
8068 53098.77
8069 47432.75
8070 91512.14
8071 9638.82
8072 147908.70
8073 0.00
8074 71492.91
8075 4744.67
8076 186019.87
8077 4490.57
8078 89858.68
8079 0.00
8080 23956.94
8081 105470.88
8082 17710.60
8083 61831.79
8084 6683.84
8085 0.00
8086 56298.12
8087 25519.62
8088 18230.20
8089 180.83
8090 118461.79
8091 0.00
8092 50094.80
8093 128354.62
8094 116708.46
8095 36396.55
8096 69811.65
8097 122665.76
8098 3909.95
8099 23265.02
8100 3392.54
8101 42671.10
8102 41394.36
8103 3980.00
8104 0.00
8105 107215.58
8106 28230.87
8107 55114.35
8108 3666.45
8109 2776.19
8110 40009.69
8111 39917.14
8112 121512.25
8113 70857.74
8114 96706.02
8115 26344.81
8116 22751.98
8117 80721.81
8118 0.00
8119 30604.46
8120 62036.68
8121 38235.99
8122 50809.47
8123 64824.84
8124 177953.65
8125 1852.49
8126 26908.31
8127 9450.68
8128 81703.27
8129 20482.98
8130 103548.71
8131 32681.02
8132 4623.02
8133 116384.67
8134 101552.26
8135 36894.49
8136 148868.97
8137 69476.01
8138 48324.68
8139 39634.84
8140 0.00
8141 148302.67
8142 88960.97
8143 38692.80
8144 23624.15
8145 31202.61
8146 27941.57
8147 33719.62
8148 35665.49
8149 35543.85
8150 47362.32
8151 95567.96
8152 62805.22
8153 32805.22
8154 42768.60
8155 47807.21
8156 21997.76
8157 23932.48
8158 87831.78
8159 100898.33
8160 182602.31
8161 11778.65
8162 70898.73
8163 33645.71
8164 76333.24
8165 0.00
8166 47345.18
8167 48766.20
8168 0.00
8169 16181.87
8170 5334.56
8171 49150.53
8172 0.00
8173 82678.37
8174 1339.14
8175 31936.51
8176 61264.31
8177 71648.07
8178 0.00
8179 17094.46
8180 130914.64
8181 101806.00
8182 100216.80
8183 70290.59
8184 141444.85
8185 5528.02
8186 0.00
8187 24184.14
8188 75945.24
8189 42518.73
8190 103521.23
8191 76848.72
8192 33398.86
8193 0.00
8194 5644.75
8195 41448.01
8196 0.00
8197 0.00
8198 7758.78
8199 46675.26
8200 88829.99
8201 16369.50
8202 44078.29
8203 35788.03
8204 0.00
8205 31254.86
8206 44217.84
8207 79009.28
8208 0.00
8209 18748.39
8210 23682.48
8211 26017.86
8212 26711.58
8213 15138.98
8214 0.00
8215 59073.28
8216 3254.54
8217 7961.62
8218 0.00
8219 2749.01
8220 22757.40
8221 0.00
8222 0.00
8223 2649.85
8224 97229.40
8225 86102.32
8226 84080.22
8227 102851.03
8228 27926.22
8229 71270.57
8230 0.00
8231 77716.58
8232 106812.83
8233 8114.66
8234 133315.29
8235 51747.35
8236 42016.06
8237 11395.91
8238 55298.64
8239 51503.95
8240 76715.17
8241 32943.95
8242 34256.90
8243 38020.23
8244 90356.11
8245 83950.59
8246 28565.32
8247 0.00
8248 1838.46
8249 104072.88
8250 104796.84
8251 141723.26
8252 31510.79
8253 36010.85
8254 35426.68
8255 0.00
8256 15830.39
8257 5331.91
8258 0.00
8259 108126.86
8260 11130.01
8261 35900.54
8262 83988.53
8263 0.00
8264 142117.22
8265 100153.97
8266 0.00
8267 77795.88
8268 82037.59
8269 44836.73
8270 1073.72
8271 70249.65
8272 30032.30
8273 3591.50
8274 8558.12
8275 556.18
8276 34903.12
8277 90985.76
8278 0.00
8279 1048.72
8280 166468.73
8281 23388.73
8282 0.00
8283 74632.75
8284 0.00
8285 24860.09
8286 50044.15
8287 19109.55
8288 174914.40
8289 74637.13
8290 4819.19
8291 78919.02
8292 26445.36
8293 17358.37
8294 30502.88
8295 89823.14
8296 60177.52
8297 25633.46
8298 38151.59
8299 71746.88
8300 108674.63
8301 67460.09
8302 87435.05
8303 0.00
8304 35389.01
8305 0.00
8306 99032.80
8307 156213.10
8308 21755.09
8309 17281.32
8310 81565.58
8311 49948.70
8312 24565.97
8313 23923.51
8314 0.00
8315 70179.83
8316 80880.85
8317 0.00
8318 139582.19
8319 26484.36
8320 0.00
8321 0.00
8322 227860.28
8323 50655.23
8324 9882.22
8325 0.00
8326 13927.17
8327 5569.50
8328 37346.58
8329 168297.76
8330 142501.67
8331 0.00
8332 264442.76
8333 5212.29
8334 292824.73
8335 64447.72
8336 50224.93
8337 38771.19
8338 34948.87
8339 8268.81
8340 52681.46
8341 15411.26
8342 63113.79
8343 32351.96
8344 5852.12
8345 49280.73
8346 8242.46
8347 68753.89
8348 22318.76
8349 0.00
8350 30013.55
8351 174122.21
8352 2029.69
8353 42273.85
8354 49811.79
8355 38184.38
8356 79053.89
8357 75959.02
8358 84299.31
8359 34370.82
8360 21517.96
8361 58338.15
8362 103203.28
8363 49086.84
8364 17270.55
8365 15525.80
8366 42805.58
8367 87679.89
8368 96832.79
8369 8899.36
8370 3347.89
8371 21191.38
8372 29047.50
8373 0.00
8374 13033.87
8375 55680.99
8376 115568.11
8377 167644.92
8378 215845.55
8379 52752.47
8380 37672.58
8381 13247.80
8382 140153.58
8383 121558.37
8384 43370.96
8385 8041.96
8386 13605.81
8387 164157.39
8388 20754.82
8389 41272.03
8390 201122.78
8391 0.00
8392 30689.81
8393 20888.88
8394 44144.27
8395 27458.45
8396 24431.08
8397 0.00
8398 12111.84
8399 127940.27
8400 46635.28
8401 130892.24
8402 0.00
8403 11780.20
8404 18803.40
8405 26632.80
8406 75964.00
8407 31946.58
8408 26599.11
8409 4709.16
8410 52161.69
8411 18711.62
8412 0.00
8413 65495.92
8414 113747.82
8415 2048.97
8416 62758.64
8417 29673.01
8418 42725.00
8419 170482.97
8420 28488.33
8421 91483.56
8422 9713.39
8423 0.00
8424 54759.84
8425 0.00
8426 25178.48
8427 16271.48
8428 45981.05
8429 6695.36
8430 40140.39
8431 67834.78
8432 41944.06
8433 0.00
8434 0.00
8435 81000.73
8436 13216.22
8437 52203.20
8438 45760.57
8439 28549.29
8440 2324.40
8441 5072.75
8442 50108.85
8443 13385.50
8444 73669.41
8445 35821.08
8446 1703.02
8447 31391.28
8448 87278.81
8449 43545.44
8450 146756.56
8451 31779.46
8452 171689.09
8453 90316.54
8454 82983.62
8455 27398.34
8456 45436.23
8457 0.00
8458 36274.00
8459 11581.74
8460 41001.71
8461 73064.72
8462 1696.40
8463 7001.41
8464 80201.72
8465 9187.80
8466 28316.36
8467 16212.27
8468 69942.78
8469 16118.42
8470 94236.35
8471 0.00
8472 0.00
8473 67865.17
8474 39897.93
8475 171911.33
8476 34418.86
8477 23968.57
8478 0.00
8479 25134.35
8480 2484.23
8481 83731.38
8482 3274.90
8483 0.00
8484 34548.82
8485 8162.85
8486 22408.44
8487 1692.78
8488 0.00
8489 0.00
8490 34895.91
8491 90930.50
8492 20184.59
8493 10747.01
8494 11296.99
8495 45037.72
8496 0.00
8497 151637.35
8498 44758.88
8499 14598.26
8500 48263.71
8501 12143.58
8502 9221.08
8503 29094.56
8504 14826.50
8505 53467.16
8506 13829.37
8507 89734.76
8508 82065.98
8509 168519.33
8510 42095.10
8511 25828.96
8512 62477.43
8513 2316.47
8514 2678.93
8515 103586.71
8516 5898.35
8517 44600.30
8518 40737.44
8519 81461.68
8520 131905.79
8521 21844.88
8522 59853.09
8523 22823.63
8524 97512.97
8525 71249.11
8526 174369.06
8527 58898.50
8528 42158.35
8529 0.00
8530 28570.77
8531 39052.93
8532 7914.52
8533 0.00
8534 4768.28
8535 58187.59
8536 0.00
8537 0.00
8538 13104.71
8539 1592.57
8540 35956.28
8541 131141.52
8542 0.00
8543 96979.54
8544 0.00
8545 83992.23
8546 5444.56
8547 51244.68
8548 50481.95
8549 80502.35
8550 20469.93
8551 0.00
8552 41278.79
8553 55730.64
8554 82038.34
8555 40818.62
8556 48057.46
8557 6715.52
8558 33161.69
8559 12862.91
8560 64007.57
8561 23845.96
8562 2486.97
8563 0.00
8564 91231.11
8565 83899.89
8566 0.00
8567 15875.92
8568 0.00
8569 551.99
8570 175610.76
8571 53295.19
8572 0.00
8573 22723.52
8574 73750.57
8575 19313.23
8576 22130.01
8577 53061.83
8578 30685.94
8579 0.00
8580 10626.75
8581 15928.99
8582 0.00
8583 29022.30
8584 46964.09
8585 59118.38
8586 68777.86
8587 129447.77
8588 90822.50
8589 63481.63
8590 0.00
8591 20913.37
8592 57401.92
8593 62415.25
8594 34254.05
8595 7243.79
8596 51146.39
8597 3279.04
8598 65569.57
8599 1193.62
8600 26236.54
8601 89749.68
8602 0.00
8603 85342.71
8604 0.00
8605 0.00
8606 23373.63
8607 47730.92
8608 52934.54
8609 60710.55
8610 6549.72
8611 139852.13
8612 113609.80
8613 14243.86
8614 120836.81
8615 0.00
8616 10124.95
8617 29579.56
8618 2009.56
8619 45272.41
8620 0.00
8621 0.00
8622 15955.40
8623 0.00
8624 38242.78
8625 56706.31
8626 11592.35
8627 34199.68
8628 23947.68
8629 43194.10
8630 9765.69
8631 6717.04
8632 15864.20
8633 29271.42
8634 18934.32
8635 28456.29
8636 57202.59
8637 92734.52
8638 67359.77
8639 68914.81
8640 2740.79
8641 29581.50
8642 0.00
8643 76673.82
8644 11650.67
8645 40261.42
8646 87513.62
8647 53235.50
8648 43425.46
8649 17581.12
8650 231890.14
8651 22981.54
8652 717.48
8653 58264.75
8654 4137.58
8655 81789.32
8656 53735.26
8657 136410.77
8658 45045.64
8659 90310.53
8660 36138.34
8661 43232.09
8662 114509.28
8663 76732.49
8664 41879.95
8665 0.00
8666 154138.28
8667 79589.50
8668 51459.41
8669 18884.23
8670 67334.52
8671 12367.29
8672 59743.02
8673 55669.16
8674 75828.14
8675 66062.28
8676 17901.20
8677 52597.96
8678 38391.78
8679 118471.93
8680 6210.88
8681 5042.62
8682 161.14
8683 0.00
8684 19773.84
8685 3980.00
8686 55869.80
8687 201294.64
8688 74452.87
8689 129095.45
8690 14794.26
8691 76530.82
8692 14620.84
8693 50388.53
8694 69244.89
8695 15923.78
8696 3597.53
8697 0.00
8698 0.00
8699 33732.08
8700 111552.49
8701 8331.36
8702 20864.03
8703 15052.17
8704 0.00
8705 86898.08
8706 21736.60
8707 49252.64
8708 34500.82
8709 18000.28
8710 0.00
8711 30759.98
8712 57567.99
8713 55098.39
8714 63692.67
8715 55135.22
8716 0.00
8717 56333.54
8718 85546.47
8719 9794.79
8720 73033.15
8721 3099.68
8722 15239.86
8723 3406.75
8724 145619.60
8725 24322.03
8726 71480.63
8727 16243.63
8728 30049.62
8729 17074.73
8730 46791.50
8731 31246.41
8732 67467.88
8733 95900.36
8734 11196.76
8735 102727.35
8736 196624.45
8737 9770.88
8738 0.00
8739 70775.32
8740 67122.32
8741 128201.13
8742 14584.48
8743 37380.28
8744 68818.78
8745 142170.79
8746 80912.22
8747 12837.46
8748 103891.92
8749 14611.28
8750 17461.65
8751 7731.21
8752 2033.35
8753 6719.60
8754 25215.74
8755 34206.84
8756 35734.24
8757 23166.21
8758 74158.95
8759 5212.94
8760 25741.06
8761 72962.99
8762 15469.20
8763 56152.25
8764 11650.43
8765 5489.19
8766 67778.20
8767 58346.22
8768 0.00
8769 39100.37
8770 143114.45
8771 15654.89
8772 31763.90
8773 17004.57
8774 40935.63
8775 30696.83
8776 126578.87
8777 21509.99
8778 14307.18
8779 21104.35
8780 32566.36
8781 17380.08
8782 0.00
8783 18421.24
8784 16606.56
8785 12999.59
8786 45927.64
8787 40401.31
8788 83826.08
8789 52533.99
8790 3764.23
8791 13075.57
8792 60276.31
8793 62156.57
8794 50032.27
8795 57113.71
8796 73062.70
8797 42796.66
8798 19322.74
8799 70505.50
8800 55138.95
8801 33441.64
8802 3984.54
8803 26971.95
8804 51720.56
8805 60545.28
8806 40262.51
8807 0.00
8808 64851.20
8809 10843.30
8810 41420.84
8811 74751.49
8812 0.00
8813 48681.52
8814 40066.99
8815 3306.76
8816 5410.26
8817 24900.22
8818 0.00
8819 273858.10
8820 5058.17
8821 139701.97
8822 75522.95
8823 10015.72
8824 81335.52
8825 4947.09
8826 0.00
8827 35859.92
8828 45385.85
8829 10558.46
8830 10222.58
8831 32809.66
8832 129338.73
8833 15254.17
8834 93654.65
8835 1086.84
8836 99296.80
8837 16868.30
8838 32433.59
8839 16902.72
8840 0.00
8841 26022.55
8842 37882.16
8843 0.00
8844 0.00
8845 208048.90
8846 7455.03
8847 1197.89
8848 0.00
8849 16752.25
8850 53906.80
8851 1245.55
8852 42690.05
8853 58852.47
8854 3789.80
8855 66529.48
8856 3386.64
8857 65970.13
8858 18378.37
8859 19709.49
8860 11383.89
8861 60905.45
8862 1407.41
8863 90387.36
8864 44264.78
8865 12962.74
8866 55269.03
8867 51088.79
8868 27426.15
8869 141642.04
8870 94985.36
8871 23705.82
8872 0.00
8873 0.00
8874 35338.33
8875 146305.20
8876 30394.36
8877 15588.67
8878 53097.76
8879 17538.65
8880 35416.22
8881 20134.17
8882 0.00
8883 4724.87
8884 22457.20
8885 44442.73
8886 89109.26
8887 0.00
8888 169959.98
8889 7042.91
8890 2718.09
8891 22959.92
8892 31100.50
8893 0.00
8894 0.00
8895 89910.74
8896 22452.83
8897 65230.99
8898 37734.19
8899 48947.87
8900 1239.04
8901 9600.70
8902 118394.38
8903 138456.36
8904 0.00
8905 5855.06
8906 46814.87
8907 147124.69
8908 16291.30
8909 50954.25
8910 48178.68
8911 5435.77
8912 0.00
8913 57585.64
8914 108547.27
8915 0.00
8916 0.00
8917 76262.51
8918 0.00
8919 44387.31
8920 0.00
8921 17671.87
8922 179356.85
8923 0.00
8924 0.00
8925 41151.54
8926 146117.34
8927 45523.56
8928 0.00
8929 3800.20
8930 26096.34
8931 0.00
8932 11809.58
8933 82991.02
8934 19725.94
8935 0.00
8936 0.00
8937 220554.59
8938 20491.56
8939 52939.59
8940 31737.19
8941 0.00
8942 36733.52
8943 49634.66
8944 173451.89
8945 13064.16
8946 97159.66
8947 56948.19
8948 20277.14
8949 15515.53
8950 26632.40
8951 0.00
8952 16189.63
8953 51223.33
8954 0.00
8955 44257.82
8956 100647.25
8957 51660.70
8958 0.00
8959 32399.87
8960 11301.98
8961 119069.81
8962 0.00
8963 21706.23
8964 66161.88
8965 45473.77
8966 23658.18
8967 51279.19
8968 30426.73
8969 159282.72
8970 3703.91
8971 41987.34
8972 13014.50
8973 32693.13
8974 167759.49
8975 14408.89
8976 18716.10
8977 214880.46
8978 12702.11
8979 0.00
8980 27415.30
8981 23522.90
8982 44043.88
8983 105058.75
8984 99861.49
8985 0.00
8986 29919.18
8987 90961.27
8988 39176.51
8989 1427.29
8990 128494.46
8991 59752.30
8992 49697.90
8993 0.00
8994 28059.73
8995 14206.18
8996 79018.68
8997 49553.56
8998 84076.47
8999 0.00
9000 5705.74
9001 90300.29
9002 13136.98
9003 23890.42
9004 14907.27
9005 39703.91
9006 98905.61
9007 32279.40
9008 3980.00
9009 61274.87
9010 52249.18
9011 16092.62
9012 48123.27
9013 156788.81
9014 40131.54
9015 65213.31
9016 0.00
9017 15902.14
9018 0.00
9019 34203.58
9020 2943.33
9021 44549.46
9022 0.00
9023 1831.61
9024 112741.33
9025 60443.82
9026 12804.95
9027 107646.78
9028 5139.15
9029 38662.18
9030 11962.54
9031 49265.66
9032 75822.53
9033 136726.85
9034 184583.56
9035 0.00
9036 7711.64
9037 49861.22
9038 50839.65
9039 51874.97
9040 27020.16
9041 1622.53
9042 0.00
9043 3819.97
9044 61970.06
9045 23633.90
9046 0.00
9047 40683.01
9048 2193.23
9049 44663.90
9050 52746.89
9051 63938.83
9052 40520.31
9053 0.00
9054 10540.40
9055 7975.24
9056 120300.97
9057 3980.00
9058 52314.16
9059 68145.79
9060 35280.98
9061 39807.98
9062 13294.86
9063 45533.27
9064 164000.01
9065 0.00
9066 17058.81
9067 29410.23
9068 63853.16
9069 62908.05
9070 52828.78
9071 0.00
9072 70597.15
9073 27115.83
9074 3511.12
9075 5507.56
9076 49884.64
9077 19129.89
9078 5813.09
9079 35902.01
9080 2955.47
9081 46586.36
9082 14691.07
9083 66327.35
9084 49468.47
9085 38064.88
9086 101599.06
9087 14295.30
9088 28683.04
9089 54122.86
9090 123342.63
9091 34421.84
9092 130965.26
9093 36561.82
9094 8399.36
9095 73451.75
9096 2203.49
9097 29146.95
9098 42456.70
9099 97407.22
9100 7855.81
9101 0.00
9102 91164.39
9103 1382.70
9104 18175.23
9105 14675.33
9106 130846.75
9107 0.00
9108 154257.99
9109 0.00
9110 9805.91
9111 22472.65
9112 51587.82
9113 34136.51
9114 49845.09
9115 2992.83
9116 53278.38
9117 5207.82
9118 1840.72
9119 35213.57
9120 5443.06
9121 7077.51
9122 66519.46
9123 2196.78
9124 111586.65
9125 61315.60
9126 141974.96
9127 2996.92
9128 69186.15
9129 6073.09
9130 43889.63
9131 28242.46
9132 8189.83
9133 0.00
9134 65879.92
9135 14623.42
9136 77760.44
9137 73966.14
9138 16314.36
9139 142298.36
9140 54258.39
9141 58856.78
9142 54049.40
9143 48808.42
9144 20193.16
9145 2015.91
9146 75611.01
9147 4333.40
9148 89306.02
9149 37348.17
9150 315.26
9151 29750.03
9152 46803.13
9153 84878.48
9154 999.62
9155 0.00
9156 0.00
9157 15714.51
9158 11711.60
9159 14030.77
9160 0.00
9161 218030.14
9162 30684.62
9163 37220.15
9164 0.00
9165 23317.23
9166 88104.22
9167 20868.68
9168 12711.02
9169 0.00
9170 24034.54
9171 13127.91
9172 1533.60
9173 1108.59
9174 1030.38
9175 43261.66
9176 86778.76
9177 73962.89
9178 67110.46
9179 25247.67
9180 13176.30
9181 55768.57
9182 78954.50
9183 81317.48
9184 92909.99
9185 1944.43
9186 56349.91
9187 46730.54
9188 31437.00
9189 32286.78
9190 0.00
9191 64378.14
9192 13687.34
9193 59268.05
9194 52072.13
9195 17778.84
9196 27290.08
9197 1092.63
9198 40613.11
9199 185656.77
9200 11694.28
9201 37219.16
9202 0.00
9203 0.00
9204 34341.51
9205 0.00
9206 19257.14
9207 55663.50
9208 2542.99
9209 69210.16
9210 204156.51
9211 93609.18
9212 11818.55
9213 0.00
9214 9859.88
9215 0.00
9216 57172.25
9217 0.00
9218 27377.33
9219 8733.09
9220 22916.11
9221 54547.72
9222 32823.11
9223 0.00
9224 14221.90
9225 0.00
9226 12614.72
9227 37407.19
9228 13413.20
9229 45561.20
9230 44068.35
9231 23499.91
9232 155654.56
9233 0.00
9234 74170.97
9235 38197.45
9236 1820.87
9237 11251.81
9238 44563.56
9239 203175.25
9240 21611.25
9241 38334.17
9242 28254.61
9243 66399.35
9244 939.23
9245 13131.17
9246 51089.26
9247 86139.14
9248 0.00
9249 1043.75
9250 0.00
9251 6978.70
9252 39662.80
9253 83305.45
9254 32174.27
9255 0.00
9256 30995.11
9257 63489.80
9258 232346.66
9259 2321.01
9260 19779.72
9261 0.00
9262 0.00
9263 76845.20
9264 48302.15
9265 1323.58
9266 17776.51
9267 99134.96
9268 119393.64
9269 39851.63
9270 22987.46
9271 36860.41
9272 174819.27
9273 206033.44
9274 24613.46
9275 38532.60
9276 58520.53
9277 13869.91
9278 4472.66
9279 0.00
9280 1733.95
9281 28425.36
9282 18000.08
9283 6513.82
9284 102338.94
9285 54470.82
9286 42985.30
9287 81997.76
9288 69518.69
9289 22174.61
9290 5464.33
9291 98927.20
9292 74598.44
9293 12046.11
9294 0.00
9295 37318.26
9296 53695.97
9297 21651.47
9298 2869.94
9299 30448.95
9300 15150.96
9301 69654.44
9302 17432.53
9303 16941.46
9304 13842.56
9305 270406.61
9306 13182.42
9307 172372.67
9308 12565.40
9309 27835.60
9310 232888.66
9311 34843.51
9312 47693.12
9313 252095.23
9314 0.00
9315 176530.48
9316 82172.39
9317 7138.51
9318 29829.96
9319 4719.31
9320 0.00
9321 98505.06
9322 34511.64
9323 16779.73
9324 7313.18
9325 59937.33
9326 64770.06
9327 95779.43
9328 129828.65
9329 0.00
9330 72086.32
9331 78488.51
9332 0.00
9333 2141.20
9334 33100.15
9335 43809.31
9336 29998.90
9337 0.00
9338 47125.30
9339 19199.71
9340 82823.46
9341 48719.15
9342 0.00
9343 71372.70
9344 4726.11
9345 32268.56
9346 25727.74
9347 92028.90
9348 45985.16
9349 23988.03
9350 9605.22
9351 96212.67
9352 16094.94
9353 65608.56
9354 83632.19
9355 11645.25
9356 21953.55
9357 60986.21
9358 30117.87
9359 3877.19
9360 103027.60
9361 82868.17
9362 0.00
9363 141278.28
9364 0.00
9365 63867.64
9366 14019.51
9367 33271.53
9368 30354.27
9369 162230.86
9370 10295.68
9371 3069.61
9372 24852.44
9373 55431.40
9374 82275.08
9375 37115.54
9376 26507.63
9377 17483.82
9378 6426.36
9379 13798.83
9380 31915.45
9381 51026.04
9382 49253.74
9383 60090.81
9384 26464.51
9385 5442.75
9386 31420.46
9387 383.63
9388 7777.95
9389 0.00
9390 0.00
9391 100185.96
9392 24905.75
9393 25293.68
9394 58605.54
9395 114494.94
9396 3258.61
9397 2671.29
9398 25641.12
9399 4931.77
9400 3412.06
9401 39750.15
9402 2431.06
9403 0.00
9404 21849.99
9405 44394.13
9406 65115.69
9407 0.00
9408 30064.67
9409 37745.02
9410 0.00
9411 0.00
9412 113417.36
9413 95225.72
9414 72958.96
9415 35642.15
9416 0.00
9417 12451.97
9418 207280.80
9419 0.00
9420 83017.76
9421 6256.72
9422 31821.55
9423 31774.71
9424 0.00
9425 24771.07
9426 83830.29
9427 30669.96
9428 21158.21
9429 3560.43
9430 32222.42
9431 29607.83
9432 0.00
9433 71488.96
9434 0.00
9435 33533.90
9436 70858.81
9437 93468.36
9438 0.00
9439 7543.29
9440 0.00
9441 8643.49
9442 125448.79
9443 11915.30
9444 143152.88
9445 52081.99
9446 0.00
9447 120010.80
9448 0.00
9449 0.00
9450 114936.70
9451 67655.08
9452 8753.02
9453 39591.48
9454 15112.03
9455 25476.09
9456 20710.83
9457 93309.86
9458 0.00
9459 25965.09
9460 115343.01
9461 17910.89
9462 85086.26
9463 49651.95
9464 77827.15
9465 658.54
9466 10319.28
9467 86445.30
9468 14780.86
9469 0.00
9470 65757.32
9471 30014.53
9472 25175.71
9473 130245.54
9474 16189.11
9475 22747.92
9476 20381.59
9477 107432.94
9478 30267.16
9479 43212.46
9480 43875.35
9481 2942.81
9482 0.00
9483 56793.02
9484 996.77
9485 14032.17
9486 49182.99
9487 62125.62
9488 37489.58
9489 0.00
9490 5884.95
9491 148712.31
9492 62014.66
9493 100741.05
9494 64283.38
9495 1223.73
9496 18312.16
9497 45172.08
9498 97737.69
9499 27295.09
9500 94962.03
9501 0.00
9502 252265.96
9503 61006.42
9504 21073.68
9505 19093.35
9506 16141.92
9507 5354.41
9508 68824.95
9509 46813.55
9510 8956.77
9511 60287.06
9512 0.00
9513 8094.03
9514 36662.15
9515 42235.57
9516 36011.65
9517 26795.55
9518 20852.98
9519 29565.46
9520 18286.04
9521 0.00
9522 23300.43
9523 58183.49
9524 14154.12
9525 0.00
9526 160429.74
9527 0.00
9528 154087.46
9529 9240.60
9530 3718.56
9531 0.00
9532 14349.51
9533 13749.86
9534 13027.12
9535 68695.40
9536 109540.54
9537 71441.95
9538 41711.15
9539 85150.57
9540 104066.35
9541 16659.01
9542 29190.72
9543 31075.08
9544 51147.44
9545 69313.39
9546 20526.95
9547 51219.86
9548 37573.08
9549 71991.08
9550 175683.15
9551 55583.13
9552 37697.10
9553 30442.93
9554 56182.82
9555 47618.03
9556 66414.64
9557 42221.14
9558 0.00
9559 3156.11
9560 108686.45
9561 39452.13
9562 968.09
9563 31815.07
9564 69094.14
9565 29950.92
9566 2360.05
9567 97005.20
9568 2026.35
9569 262896.60
9570 3526.98
9571 10598.70
9572 0.00
9573 33166.08
9574 31614.84
9575 76916.05
9576 107911.51
9577 67265.35
9578 10586.61
9579 163542.25
9580 7476.68
9581 20246.25
9582 39878.69
9583 210914.45
9584 37046.11
9585 40848.26
9586 2249.68
9587 0.00
9588 60665.25
9589 163254.25
9590 81769.42
9591 37836.38
9592 12770.76
9593 38629.60
9594 8548.15
9595 51044.10
9596 12038.33
9597 1226.61
9598 0.00
9599 52095.69
9600 89298.29
9601 21364.84
9602 116808.27
9603 71046.98
9604 4717.38
9605 0.00
9606 60290.37
9607 10627.48
9608 110017.03
9609 14589.97
9610 9703.42
9611 9299.28
9612 44876.28
9613 34302.22
9614 0.00
9615 31664.06
9616 135170.93
9617 0.00
9618 61952.10
9619 10342.70
9620 73344.92
9621 5890.43
9622 28953.68
9623 14257.76
9624 171355.13
9625 12366.81
9626 53494.70
9627 5412.77
9628 97068.76
9629 10653.00
9630 64336.20
9631 1509.90
9632 0.00
9633 21781.03
9634 92227.04
9635 61011.17
9636 21379.04
9637 34026.75
9638 119259.77
9639 17576.14
9640 18318.75
9641 118606.59
9642 36225.91
9643 85816.36
9644 0.00
9645 25986.93
9646 0.00
9647 30159.38
9648 0.00
9649 16777.56
9650 6114.14
9651 17143.34
9652 58604.63
9653 83920.95
9654 67878.29
9655 73000.12
9656 58324.13
9657 376.27
9658 18153.98
9659 81185.99
9660 12476.07
9661 51664.76
9662 70952.16
9663 3228.46
9664 0.00
9665 29201.70
9666 69497.57
9667 36988.48
9668 0.00
9669 0.00
9670 0.00
9671 17111.45
9672 23464.52
9673 115479.51
9674 136800.25
9675 17981.24
9676 4427.81
9677 25965.78
9678 45378.64
9679 44409.39
9680 46726.04
9681 54710.14
9682 23989.94
9683 59727.60
9684 99091.52
9685 3386.33
9686 33611.36
9687 58409.42
9688 243926.25
9689 20099.78
9690 48943.88
9691 188638.00
9692 16223.93
9693 0.00
9694 1549.94
9695 48595.35
9696 27997.39
9697 208399.30
9698 18518.34
9699 34635.44
9700 31177.33
9701 57510.34
9702 24111.32
9703 4667.80
9704 85811.33
9705 8587.54
9706 158536.98
9707 0.00
9708 86165.76
9709 73421.50
9710 36844.57
9711 158056.99
9712 180772.36
9713 47298.14
9714 61716.76
9715 15431.77
9716 40427.26
9717 34033.36
9718 41363.60
9719 45330.27
9720 38951.34
9721 0.00
9722 0.00
9723 106849.59
9724 48627.67
9725 41933.09
9726 0.00
9727 0.00
9728 2030.31
9729 101888.30
9730 29584.46
9731 178960.29
9732 0.00
9733 11566.68
9734 26361.88
9735 11160.11
9736 47333.80
9737 1368.87
9738 9956.04
9739 30356.26
9740 187980.34
9741 20497.82
9742 20924.47
9743 21601.55
9744 30104.51
9745 2783.62
9746 5493.82
9747 0.00
9748 70445.86
9749 118408.33
9750 0.00
9751 151279.30
9752 117499.65
9753 52839.51
9754 6771.50
9755 15136.71
9756 22160.93
9757 69008.72
9758 20189.48
9759 94776.13
9760 0.00
9761 119535.83
9762 83045.27
9763 46556.55
9764 34565.19
9765 48828.67
9766 1146.07
9767 24371.48
9768 118227.38
9769 190172.48
9770 790.81
9771 3980.00
9772 3865.94
9773 11229.39
9774 84608.93
9775 0.00
9776 15644.91
9777 6998.55
9778 143661.63
9779 44932.27
9780 23376.79
9781 7190.26
9782 8714.72
9783 31911.41
9784 28071.04
9785 13992.97
9786 12538.03
9787 46569.03
9788 81772.07
9789 36260.21
9790 90905.01
9791 20777.99
9792 36173.78
9793 45435.85
9794 0.00
9795 101243.30
9796 181800.53
9797 42624.78
9798 14183.01
9799 67706.73
9800 91263.18
9801 0.00
9802 28384.72
9803 77379.89
9804 9970.41
9805 132839.76
9806 0.00
9807 111783.49
9808 50800.16
9809 2277.40
9810 0.00
9811 109207.71
9812 722.77
9813 0.00
9814 76410.12
9815 130797.69
9816 91013.49
9817 47099.36
9818 20197.26
9819 6089.14
9820 0.00
9821 46435.46
9822 158397.44
9823 57432.81
9824 41481.58
9825 7930.83
9826 8092.25
9827 53227.32
9828 6878.89
9829 1926.65
9830 20867.81
9831 62853.26
9832 71235.32
9833 3982.00
9834 0.00
9835 3251.42
9836 25037.66
9837 126682.38
9838 42306.81
9839 46306.95
9840 29975.31
9841 3980.50
9842 95008.32
9843 54019.80
9844 46884.47
9845 1225.58
9846 11691.02
9847 713.84
9848 0.00
9849 0.00
9850 66822.42
9851 37708.33
9852 222726.23
9853 570.06
9854 54453.84
9855 0.00
9856 30340.21
9857 0.00
9858 2475.54
9859 23592.24
9860 114850.98
9861 32403.95
9862 115645.68
9863 21235.63
9864 44908.90
9865 126465.98
9866 38670.79
9867 1318.86
9868 24725.27
9869 13688.65
9870 0.00
9871 88015.39
9872 11168.10
9873 59584.73
9874 124942.43
9875 100648.21
9876 51618.17
9877 68287.87
9878 53847.17
9879 9680.66
9880 103024.17
9881 14298.47
9882 0.00
9883 8459.04
9884 163125.00
9885 154068.46
9886 50274.43
9887 17465.27
9888 33097.62
9889 56403.37
9890 0.00
9891 0.00
9892 116024.28
9893 76764.81
9894 0.00
9895 120584.60
9896 15079.04
9897 56739.55
9898 67353.81
9899 31598.72
9900 55905.58
9901 49039.10
9902 35433.91
9903 14334.41
9904 26294.69
9905 21737.40
9906 99044.50
9907 11900.69
9908 48149.97
9909 6636.39
9910 0.00
9911 52505.56
9912 37910.86
9913 24402.16
9914 43941.71
9915 36883.40
9916 45482.04
9917 28249.78
9918 15754.90
9919 11526.81
9920 145597.35
9921 34970.77
9922 68891.74
9923 24054.08
9924 50485.62
9925 103561.89
9926 9846.41
9927 17934.69
9928 13417.74
9929 35441.98
9930 40034.68
9931 6455.77
9932 0.00
9933 9823.30
9934 9672.91
9935 90397.50
9936 16504.86
9937 127621.55
9938 23828.50
9939 619.51
9940 105604.88
9941 70803.97
9942 1854.88
9943 123937.54
9944 17418.84
9945 16323.01
9946 78639.83
9947 3980.00
9948 271107.31
9949 111206.93
9950 24480.93
9951 128317.64
9952 3643.45
9953 22355.59
9954 77035.29
9955 89952.46
9956 0.00
9957 63324.45
9958 10759.95
9959 0.00
9960 0.00
9961 19992.80
9962 46268.79
9963 9461.35
9964 1017.07
9965 23418.77
9966 92400.18
9967 11047.13
9968 60100.54
9969 45231.66
9970 0.00
9971 107718.51
9972 86056.42
9973 3458.58
9974 0.00
9975 93313.74
9976 68778.26
9977 80905.54
9978 46030.54
9979 43220.19
9980 0.00
9981 36221.94
9982 84878.44
9983 10317.76
9984 85686.20
9985 99267.46
9986 1596.68
9987 6179.76
9988 42118.75
9989 73998.78
9990 25445.03
9991 28288.98
9992 1996.41
9993 49640.58
9994 111668.91
9995 178825.47
9996 1688.73
9997 70814.45
9998 40554.51
9999 191943.16
Execution time: 3200.5520 ms
